order_id,customer_id,product_id,quantity,discount_pct,order_date,year,month,month_name,day_name,quarter,product_name,category,unit_price,unit_cost,age,gender,city,age_group,tenure_years,gross_revenue,discount_amt,net_revenue,cost,profit,profit_margin,discount_bucket,high_value_flag,high_quantity_flag,extreme_discount_flag,customer_spending_anomaly_flag,risk_score,risk_category
1001,210,312,3,0,2024-05-26,2024,5,May,Sunday,2,Product_312,Home & Kitchen,1732.47,906.62,28,Female,Mumbai,25-34,3.6,5197.41,0.0,5197.41,2719.86,2477.55,47.67,No Discount,0,0,0,0,0,Low
1002,210,305,3,0,2024-05-27,2024,5,May,Monday,2,Product_305,Sports,873.81,414.24,28,Female,Mumbai,25-34,3.6,2621.43,0.0,2621.43,1242.72,1378.7099999999998,52.59,No Discount,0,0,0,0,0,Low
1003,219,302,5,10,2024-12-17,2024,12,Dec,Tuesday,4,Product_302,Books,2257.6,1176.55,41,Female,Kolkata,35-44,2.6,11288.0,1128.8,10159.2,5882.75,4276.450000000001,42.09,10%,0,0,0,0,0,Low
1004,246,316,5,5,2024-07-17,2024,7,Jul,Wednesday,3,Product_316,Books,3554.45,2147.64,31,Female,Bengaluru,25-34,0.6,17772.25,888.6125,16883.6375,10738.2,6145.437500000002,36.4,5%,1,0,0,1,65,High
1005,234,305,1,20,2024-11-03,2024,11,Nov,Sunday,4,Product_305,Sports,873.81,414.24,32,Female,Kolkata,25-34,0.4,873.81,174.76199999999997,699.048,414.24,284.808,40.74,20%,0,0,1,0,15,Low
1006,233,315,4,0,2024-05-07,2024,5,May,Tuesday,2,Product_315,Sports,2578.7,1522.22,33,Male,Chennai,25-34,3.0,10314.8,0.0,10314.8,6088.88,4225.919999999999,40.97,No Discount,0,0,0,0,0,Low
1007,223,312,3,0,2024-02-08,2024,2,Feb,Thursday,1,Product_312,Home & Kitchen,1732.47,906.62,19,Male,Ahmedabad,18-24,2.6,5197.41,0.0,5197.41,2719.86,2477.55,47.67,No Discount,0,0,0,0,0,Low
1008,228,304,4,5,2024-12-03,2024,12,Dec,Tuesday,4,Product_304,Home & Kitchen,1824.42,868.74,61,Female,Hyderabad,45+,4.7,7297.68,364.884,6932.796,3474.96,3457.836,49.88,5%,0,0,0,0,0,Low
1009,232,315,5,0,2024-12-25,2024,12,Dec,Wednesday,4,Product_315,Sports,2578.7,1522.22,45,Female,Mumbai,45+,4.4,12893.5,0.0,12893.5,7611.1,5282.4,40.97,No Discount,0,0,0,1,35,Medium
1010,250,311,5,0,2024-05-08,2024,5,May,Wednesday,2,Product_311,Books,1957.07,1356.22,37,Female,Bengaluru,35-44,2.1,9785.35,0.0,9785.35,6781.1,3004.25,30.7,No Discount,0,0,0,1,35,Medium
1011,207,316,5,0,2024-09-23,2024,9,Sep,Monday,3,Product_316,Books,3554.45,2147.64,56,Female,Hyderabad,45+,0.1,17772.25,0.0,17772.25,10738.2,7034.050000000001,39.58,No Discount,1,0,0,1,65,High
1012,229,306,4,5,2024-05-30,2024,5,May,Thursday,2,Product_306,Fashion,1974.6,1202.32,42,Female,Delhi,35-44,0.2,7898.4,394.92,7503.48,4809.28,2694.2,35.91,5%,0,0,0,0,0,Low
1013,208,314,5,0,2024-10-24,2024,10,Oct,Thursday,4,Product_314,Sports,2810.22,1415.01,36,Male,Kolkata,35-44,2.2,14051.1,0.0,14051.1,7075.05,6976.049999999998,49.65,No Discount,0,0,0,1,35,Medium
1014,201,318,1,10,2024-04-08,2024,4,Apr,Monday,2,Product_318,Books,1447.39,773.39,56,Female,Mumbai,45+,0.7,1447.39,144.739,1302.651,773.39,529.2610000000001,40.63,10%,0,0,0,0,0,Low
1015,203,312,5,15,2024-09-19,2024,9,Sep,Thursday,3,Product_312,Home & Kitchen,1732.47,906.62,32,Female,Chennai,25-34,0.2,8662.35,1299.3525,7362.9975,4533.1,2829.8975,38.43,15%,0,0,0,0,0,Low
1016,224,311,2,0,2024-09-08,2024,9,Sep,Sunday,3,Product_311,Books,1957.07,1356.22,38,Male,Bengaluru,35-44,3.0,3914.14,0.0,3914.14,2712.44,1201.6999999999998,30.7,No Discount,0,0,0,0,0,Low
1017,223,313,4,15,2024-05-23,2024,5,May,Thursday,2,Product_313,Books,1073.88,440.2,19,Male,Ahmedabad,18-24,2.6,4295.52,644.328,3651.192000000001,1760.8,1890.3920000000005,51.77,15%,0,0,0,0,0,Low
1018,208,311,2,15,2024-12-11,2024,12,Dec,Wednesday,4,Product_311,Books,1957.07,1356.22,36,Male,Kolkata,35-44,2.2,3914.14,587.121,3327.019,2712.44,614.5789999999997,18.47,15%,0,0,0,0,0,Low
1019,247,316,5,0,2024-04-21,2024,4,Apr,Sunday,2,Product_316,Books,3554.45,2147.64,26,Male,Chennai,25-34,2.2,17772.25,0.0,17772.25,10738.2,7034.050000000001,39.58,No Discount,1,0,0,1,65,High
1020,237,315,1,0,2024-02-29,2024,2,Feb,Thursday,1,Product_315,Sports,2578.7,1522.22,20,Female,Chennai,18-24,2.1,2578.7,0.0,2578.7,1522.22,1056.4799999999998,40.97,No Discount,0,0,0,0,0,Low
1021,203,315,3,0,2024-01-02,2024,1,Jan,Tuesday,1,Product_315,Sports,2578.7,1522.22,32,Female,Chennai,25-34,0.2,7736.099999999999,0.0,7736.099999999999,4566.66,3169.44,40.97,No Discount,0,0,0,0,0,Low
1022,233,304,5,0,2024-10-30,2024,10,Oct,Wednesday,4,Product_304,Home & Kitchen,1824.42,868.74,33,Male,Chennai,25-34,3.0,9122.1,0.0,9122.1,4343.7,4778.400000000001,52.38,No Discount,0,0,0,0,0,Low
1023,228,311,1,15,2024-09-10,2024,9,Sep,Tuesday,3,Product_311,Books,1957.07,1356.22,61,Female,Hyderabad,45+,4.7,1957.07,293.5605,1663.5095,1356.22,307.28949999999986,18.47,15%,0,0,0,0,0,Low
1024,247,319,4,0,2024-05-19,2024,5,May,Sunday,2,Product_319,Fashion,1090.97,617.34,26,Male,Chennai,25-34,2.2,4363.88,0.0,4363.88,2469.36,1894.52,43.41,No Discount,0,0,0,0,0,Low
1025,208,315,2,0,2024-02-06,2024,2,Feb,Tuesday,1,Product_315,Sports,2578.7,1522.22,36,Male,Kolkata,35-44,2.2,5157.4,0.0,5157.4,3044.44,2112.96,40.97,No Discount,0,0,0,0,0,Low
1026,234,304,2,5,2024-06-08,2024,6,Jun,Saturday,2,Product_304,Home & Kitchen,1824.42,868.74,32,Female,Kolkata,25-34,0.4,3648.84,182.442,3466.398,1737.48,1728.918,49.88,5%,0,0,0,0,0,Low
1027,235,313,2,0,2024-01-09,2024,1,Jan,Tuesday,1,Product_313,Books,1073.88,440.2,64,Male,Mumbai,45+,1.7,2147.76,0.0,2147.76,880.4,1267.36,59.01,No Discount,0,0,0,0,0,Low
1028,232,319,4,10,2024-08-20,2024,8,Aug,Tuesday,3,Product_319,Fashion,1090.97,617.34,45,Female,Mumbai,45+,4.4,4363.88,436.388,3927.492,2469.36,1458.132,37.13,10%,0,0,0,0,0,Low
1029,224,302,1,20,2024-04-08,2024,4,Apr,Monday,2,Product_302,Books,2257.6,1176.55,38,Male,Bengaluru,35-44,3.0,2257.6,451.52,1806.08,1176.55,629.53,34.86,20%,0,0,1,0,15,Low
1030,214,314,4,0,2024-05-26,2024,5,May,Sunday,2,Product_314,Sports,2810.22,1415.01,57,Female,Ahmedabad,45+,2.8,11240.88,0.0,11240.88,5660.04,5580.839999999999,49.65,No Discount,0,0,0,0,0,Low
1031,232,304,2,5,2024-10-30,2024,10,Oct,Wednesday,4,Product_304,Home & Kitchen,1824.42,868.74,45,Female,Mumbai,45+,4.4,3648.84,182.442,3466.398,1737.48,1728.918,49.88,5%,0,0,0,0,0,Low
1032,246,316,5,20,2024-07-26,2024,7,Jul,Friday,3,Product_316,Books,3554.45,2147.64,31,Female,Bengaluru,25-34,0.6,17772.25,3554.45,14217.8,10738.2,3479.6000000000004,24.47,20%,0,0,1,1,50,Medium
1033,243,320,3,20,2024-05-10,2024,5,May,Friday,2,Product_320,Books,1328.19,767.44,35,Male,Pune,35-44,3.4,3984.57,796.9140000000001,3187.656,2302.32,885.3359999999998,27.77,20%,0,0,1,0,15,Low
1034,216,314,4,5,2024-05-31,2024,5,May,Friday,2,Product_314,Sports,2810.22,1415.01,20,Female,Chennai,18-24,4.4,11240.88,562.044,10678.836,5660.04,5018.795999999999,47.0,5%,0,0,0,0,0,Low
1035,204,315,4,10,2024-02-23,2024,2,Feb,Friday,1,Product_315,Sports,2578.7,1522.22,60,Male,Chennai,45+,3.3,10314.8,1031.48,9283.32,6088.88,3194.44,34.41,10%,0,0,0,0,0,Low
1036,237,303,1,0,2024-04-29,2024,4,Apr,Monday,2,Product_303,Electronics,4451.42,1867.23,20,Female,Chennai,18-24,2.1,4451.42,0.0,4451.42,1867.23,2584.19,58.05,No Discount,0,0,0,0,0,Low
1037,221,308,1,0,2024-06-09,2024,6,Jun,Sunday,2,Product_308,Electronics,1579.02,701.76,47,Female,Bengaluru,45+,0.3,1579.02,0.0,1579.02,701.76,877.26,55.56,No Discount,0,0,0,0,0,Low
1038,214,316,4,0,2024-04-25,2024,4,Apr,Thursday,2,Product_316,Books,3554.45,2147.64,57,Female,Ahmedabad,45+,2.8,14217.8,0.0,14217.8,8590.56,5627.24,39.58,No Discount,0,0,0,1,35,Medium
1039,231,310,2,0,2024-03-15,2024,3,Mar,Friday,1,Product_310,Sports,302.45,145.19,59,Female,Delhi,45+,1.1,604.9,0.0,604.9,290.38,314.52,52.0,No Discount,0,0,0,0,0,Low
1040,248,304,3,0,2024-04-22,2024,4,Apr,Monday,2,Product_304,Home & Kitchen,1824.42,868.74,43,Male,Ahmedabad,35-44,3.2,5473.26,0.0,5473.26,2606.2200000000003,2867.04,52.38,No Discount,0,0,0,0,0,Low
1041,218,318,1,5,2024-04-13,2024,4,Apr,Saturday,2,Product_318,Books,1447.39,773.39,19,Female,Ahmedabad,18-24,0.7,1447.39,72.3695,1375.0205,773.39,601.6305000000001,43.75,5%,0,0,0,0,0,Low
1042,207,302,2,0,2024-12-05,2024,12,Dec,Thursday,4,Product_302,Books,2257.6,1176.55,56,Female,Hyderabad,45+,0.1,4515.2,0.0,4515.2,2353.1,2162.1,47.88,No Discount,0,0,0,0,0,Low
1043,210,317,5,0,2024-09-10,2024,9,Sep,Tuesday,3,Product_317,Sports,1566.24,875.97,28,Female,Mumbai,25-34,3.6,7831.2,0.0,7831.2,4379.85,3451.3499999999995,44.07,No Discount,0,0,0,0,0,Low
1044,207,313,1,0,2024-08-14,2024,8,Aug,Wednesday,3,Product_313,Books,1073.88,440.2,56,Female,Hyderabad,45+,0.1,1073.88,0.0,1073.88,440.2,633.6800000000001,59.01,No Discount,0,0,0,0,0,Low
1045,233,304,2,0,2024-04-21,2024,4,Apr,Sunday,2,Product_304,Home & Kitchen,1824.42,868.74,33,Male,Chennai,25-34,3.0,3648.84,0.0,3648.84,1737.48,1911.36,52.38,No Discount,0,0,0,0,0,Low
1046,223,311,2,0,2024-04-08,2024,4,Apr,Monday,2,Product_311,Books,1957.07,1356.22,19,Male,Ahmedabad,18-24,2.6,3914.14,0.0,3914.14,2712.44,1201.6999999999998,30.7,No Discount,0,0,0,0,0,Low
1047,221,307,3,0,2024-06-01,2024,6,Jun,Saturday,2,Product_307,Books,4562.09,2799.67,47,Female,Bengaluru,45+,0.3,13686.27,0.0,13686.27,8399.01,5287.26,38.63,No Discount,0,0,0,0,0,Low
1048,219,312,3,5,2024-12-14,2024,12,Dec,Saturday,4,Product_312,Home & Kitchen,1732.47,906.62,41,Female,Kolkata,35-44,2.6,5197.41,259.8705,4937.5395,2719.86,2217.6795,44.91,5%,0,0,0,0,0,Low
1049,248,310,5,10,2024-12-03,2024,12,Dec,Tuesday,4,Product_310,Sports,302.45,145.19,43,Male,Ahmedabad,35-44,3.2,1512.25,151.225,1361.025,725.95,635.075,46.66,10%,0,0,0,0,0,Low
1050,219,307,2,20,2024-07-12,2024,7,Jul,Friday,3,Product_307,Books,4562.09,2799.67,41,Female,Kolkata,35-44,2.6,9124.18,1824.836,7299.344,5599.34,1700.004,23.29,20%,0,0,1,0,15,Low
1051,236,313,2,0,2024-11-05,2024,11,Nov,Tuesday,4,Product_313,Books,1073.88,440.2,61,Female,Ahmedabad,45+,3.5,2147.76,0.0,2147.76,880.4,1267.36,59.01,No Discount,0,0,0,0,0,Low
1052,229,307,3,10,2024-06-11,2024,6,Jun,Tuesday,2,Product_307,Books,4562.09,2799.67,42,Female,Delhi,35-44,0.2,13686.27,1368.6270000000002,12317.643,8399.01,3918.633,31.81,10%,0,0,0,0,0,Low
1053,218,317,1,20,2024-07-26,2024,7,Jul,Friday,3,Product_317,Sports,1566.24,875.97,19,Female,Ahmedabad,18-24,0.7,1566.24,313.248,1252.992,875.97,377.02199999999993,30.09,20%,0,0,1,0,15,Low
1054,202,310,1,20,2024-06-17,2024,6,Jun,Monday,2,Product_310,Sports,302.45,145.19,46,Male,Chennai,45+,2.4,302.45,60.49,241.96,145.19,96.76999999999998,39.99,20%,0,0,1,0,15,Low
1055,201,310,4,5,2024-06-09,2024,6,Jun,Sunday,2,Product_310,Sports,302.45,145.19,56,Female,Mumbai,45+,0.7,1209.8,60.49,1149.31,580.76,568.55,49.47,5%,0,0,0,0,0,Low
1056,247,304,3,20,2024-03-08,2024,3,Mar,Friday,1,Product_304,Home & Kitchen,1824.42,868.74,26,Male,Chennai,25-34,2.2,5473.26,1094.652,4378.608,2606.2200000000003,1772.388,40.48,20%,0,0,1,0,15,Low
1057,205,320,4,20,2024-10-15,2024,10,Oct,Tuesday,4,Product_320,Books,1328.19,767.44,25,Female,Hyderabad,25-34,0.9,5312.76,1062.552,4250.2080000000005,3069.76,1180.4480000000003,27.77,20%,0,0,1,0,15,Low
1058,220,304,3,0,2024-10-03,2024,10,Oct,Thursday,4,Product_304,Home & Kitchen,1824.42,868.74,61,Female,Bengaluru,45+,0.9,5473.26,0.0,5473.26,2606.2200000000003,2867.04,52.38,No Discount,0,0,0,0,0,Low
1059,211,307,5,0,2024-10-30,2024,10,Oct,Wednesday,4,Product_307,Books,4562.09,2799.67,28,Male,Mumbai,25-34,2.9,22810.45,0.0,22810.45,13998.35,8812.1,38.63,No Discount,1,0,0,1,65,High
1060,242,301,2,15,2024-05-14,2024,5,May,Tuesday,2,Product_301,Books,1326.67,752.79,56,Female,Kolkata,45+,2.0,2653.34,398.001,2255.339,1505.58,749.759,33.24,15%,0,0,0,0,0,Low
1061,202,312,5,10,2024-07-13,2024,7,Jul,Saturday,3,Product_312,Home & Kitchen,1732.47,906.62,46,Male,Chennai,45+,2.4,8662.35,866.235,7796.115000000001,4533.1,3263.0150000000003,41.85,10%,0,0,0,0,0,Low
1062,203,313,3,0,2024-05-07,2024,5,May,Tuesday,2,Product_313,Books,1073.88,440.2,32,Female,Chennai,25-34,0.2,3221.6400000000003,0.0,3221.6400000000003,1320.6,1901.0400000000004,59.01,No Discount,0,0,0,0,0,Low
1063,223,310,2,0,2024-02-02,2024,2,Feb,Friday,1,Product_310,Sports,302.45,145.19,19,Male,Ahmedabad,18-24,2.6,604.9,0.0,604.9,290.38,314.52,52.0,No Discount,0,0,0,0,0,Low
1064,212,315,1,0,2024-06-24,2024,6,Jun,Monday,2,Product_315,Sports,2578.7,1522.22,41,Female,Kolkata,35-44,3.9,2578.7,0.0,2578.7,1522.22,1056.4799999999998,40.97,No Discount,0,0,0,0,0,Low
1065,220,313,1,10,2024-01-22,2024,1,Jan,Monday,1,Product_313,Books,1073.88,440.2,61,Female,Bengaluru,45+,0.9,1073.88,107.388,966.492,440.2,526.2920000000001,54.45,10%,0,0,0,0,0,Low
1066,205,309,4,0,2024-08-25,2024,8,Aug,Sunday,3,Product_309,Electronics,3344.14,2338.63,25,Female,Hyderabad,25-34,0.9,13376.56,0.0,13376.56,9354.52,4022.039999999999,30.07,No Discount,0,0,0,1,35,Medium
1067,237,309,3,0,2024-06-06,2024,6,Jun,Thursday,2,Product_309,Electronics,3344.14,2338.63,20,Female,Chennai,18-24,2.1,10032.42,0.0,10032.42,7015.89,3016.53,30.07,No Discount,0,0,0,0,0,Low
1068,238,315,3,15,2024-02-07,2024,2,Feb,Wednesday,1,Product_315,Sports,2578.7,1522.22,54,Male,Delhi,45+,3.6,7736.099999999999,1160.415,6575.685,4566.66,2009.025,30.55,15%,0,0,0,0,0,Low
1069,230,310,1,0,2024-08-17,2024,8,Aug,Saturday,3,Product_310,Sports,302.45,145.19,44,Female,Kolkata,35-44,3.7,302.45,0.0,302.45,145.19,157.26,52.0,No Discount,0,0,0,0,0,Low
1070,209,310,5,0,2024-12-30,2024,12,Dec,Monday,4,Product_310,Sports,302.45,145.19,40,Male,Hyderabad,35-44,1.6,1512.25,0.0,1512.25,725.95,786.3,52.0,No Discount,0,0,0,0,0,Low
1071,234,308,2,0,2024-02-20,2024,2,Feb,Tuesday,1,Product_308,Electronics,1579.02,701.76,32,Female,Kolkata,25-34,0.4,3158.04,0.0,3158.04,1403.52,1754.52,55.56,No Discount,0,0,0,0,0,Low
1072,244,316,5,0,2024-09-20,2024,9,Sep,Friday,3,Product_316,Books,3554.45,2147.64,21,Female,Ahmedabad,18-24,3.1,17772.25,0.0,17772.25,10738.2,7034.050000000001,39.58,No Discount,1,0,0,1,65,High
1073,235,317,5,15,2024-10-09,2024,10,Oct,Wednesday,4,Product_317,Sports,1566.24,875.97,64,Male,Mumbai,45+,1.7,7831.2,1174.68,6656.52,4379.85,2276.669999999999,34.2,15%,0,0,0,0,0,Low
1074,222,305,1,20,2024-01-27,2024,1,Jan,Saturday,1,Product_305,Sports,873.81,414.24,55,Female,Mumbai,45+,0.6,873.81,174.76199999999997,699.048,414.24,284.808,40.74,20%,0,0,1,0,15,Low
1075,244,304,1,0,2024-08-13,2024,8,Aug,Tuesday,3,Product_304,Home & Kitchen,1824.42,868.74,21,Female,Ahmedabad,18-24,3.1,1824.42,0.0,1824.42,868.74,955.68,52.38,No Discount,0,0,0,0,0,Low
1076,224,318,1,0,2024-10-03,2024,10,Oct,Thursday,4,Product_318,Books,1447.39,773.39,38,Male,Bengaluru,35-44,3.0,1447.39,0.0,1447.39,773.39,674.0000000000001,46.57,No Discount,0,0,0,0,0,Low
1077,217,319,4,15,2024-10-12,2024,10,Oct,Saturday,4,Product_319,Fashion,1090.97,617.34,39,Female,Ahmedabad,35-44,2.2,4363.88,654.582,3709.298,2469.36,1239.938,33.43,15%,0,0,0,0,0,Low
1078,210,304,5,20,2024-04-06,2024,4,Apr,Saturday,2,Product_304,Home & Kitchen,1824.42,868.74,28,Female,Mumbai,25-34,3.6,9122.1,1824.42,7297.68,4343.7,2953.9800000000005,40.48,20%,0,0,1,0,15,Low
1079,230,307,3,0,2024-10-10,2024,10,Oct,Thursday,4,Product_307,Books,4562.09,2799.67,44,Female,Kolkata,35-44,3.7,13686.27,0.0,13686.27,8399.01,5287.26,38.63,No Discount,0,0,0,1,35,Medium
1080,246,310,2,5,2024-11-12,2024,11,Nov,Tuesday,4,Product_310,Sports,302.45,145.19,31,Female,Bengaluru,25-34,0.6,604.9,30.245,574.655,290.38,284.275,49.47,5%,0,0,0,0,0,Low
1081,223,318,4,0,2024-10-30,2024,10,Oct,Wednesday,4,Product_318,Books,1447.39,773.39,19,Male,Ahmedabad,18-24,2.6,5789.56,0.0,5789.56,3093.56,2696.0000000000005,46.57,No Discount,0,0,0,0,0,Low
1082,232,319,3,20,2024-05-26,2024,5,May,Sunday,2,Product_319,Fashion,1090.97,617.34,45,Female,Mumbai,45+,4.4,3272.91,654.582,2618.328,1852.02,766.308,29.27,20%,0,0,1,0,15,Low
1083,217,304,5,10,2024-01-04,2024,1,Jan,Thursday,1,Product_304,Home & Kitchen,1824.42,868.74,39,Female,Ahmedabad,35-44,2.2,9122.1,912.21,8209.89,4343.7,3866.19,47.09,10%,0,0,0,0,0,Low
1084,250,310,1,15,2024-02-04,2024,2,Feb,Sunday,1,Product_310,Sports,302.45,145.19,37,Female,Bengaluru,35-44,2.1,302.45,45.3675,257.0825,145.19,111.89249999999998,43.52,15%,0,0,0,0,0,Low
1085,217,301,5,0,2024-07-10,2024,7,Jul,Wednesday,3,Product_301,Books,1326.67,752.79,39,Female,Ahmedabad,35-44,2.2,6633.35,0.0,6633.35,3763.95,2869.4000000000005,43.26,No Discount,0,0,0,0,0,Low
1086,214,318,2,0,2024-02-18,2024,2,Feb,Sunday,1,Product_318,Books,1447.39,773.39,57,Female,Ahmedabad,45+,2.8,2894.78,0.0,2894.78,1546.78,1348.0000000000002,46.57,No Discount,0,0,0,0,0,Low
1087,209,305,4,15,2024-01-17,2024,1,Jan,Wednesday,1,Product_305,Sports,873.81,414.24,40,Male,Hyderabad,35-44,1.6,3495.24,524.286,2970.954,1656.96,1313.9939999999997,44.23,15%,0,0,0,0,0,Low
1088,240,315,4,0,2024-06-20,2024,6,Jun,Thursday,2,Product_315,Sports,2578.7,1522.22,38,Male,Ahmedabad,35-44,0.3,10314.8,0.0,10314.8,6088.88,4225.919999999999,40.97,No Discount,0,0,0,0,0,Low
1089,202,317,2,20,2024-08-07,2024,8,Aug,Wednesday,3,Product_317,Sports,1566.24,875.97,46,Male,Chennai,45+,2.4,3132.48,626.496,2505.984,1751.94,754.0439999999999,30.09,20%,0,0,1,0,15,Low
1090,245,303,3,0,2024-06-06,2024,6,Jun,Thursday,2,Product_303,Electronics,4451.42,1867.23,42,Male,Hyderabad,35-44,3.5,13354.26,0.0,13354.26,5601.6900000000005,7752.57,58.05,No Discount,0,0,0,0,0,Low
1091,225,312,3,15,2024-02-15,2024,2,Feb,Thursday,1,Product_312,Home & Kitchen,1732.47,906.62,50,Female,Bengaluru,45+,1.5,5197.41,779.6115,4417.7985,2719.86,1697.9384999999995,38.43,15%,0,0,0,0,0,Low
1092,239,302,4,0,2024-01-06,2024,1,Jan,Saturday,1,Product_302,Books,2257.6,1176.55,24,Female,Mumbai,18-24,1.8,9030.4,0.0,9030.4,4706.2,4324.2,47.88,No Discount,0,0,0,0,0,Low
1093,209,301,4,15,2024-04-08,2024,4,Apr,Monday,2,Product_301,Books,1326.67,752.79,40,Male,Hyderabad,35-44,1.6,5306.68,796.0020000000001,4510.678,3011.16,1499.518,33.24,15%,0,0,0,0,0,Low
1094,222,317,1,0,2024-08-20,2024,8,Aug,Tuesday,3,Product_317,Sports,1566.24,875.97,55,Female,Mumbai,45+,0.6,1566.24,0.0,1566.24,875.97,690.27,44.07,No Discount,0,0,0,0,0,Low
1095,243,316,3,0,2024-02-06,2024,2,Feb,Tuesday,1,Product_316,Books,3554.45,2147.64,35,Male,Pune,35-44,3.4,10663.35,0.0,10663.35,6442.92,4220.429999999999,39.58,No Discount,0,0,0,0,0,Low
1096,246,305,2,0,2024-10-06,2024,10,Oct,Sunday,4,Product_305,Sports,873.81,414.24,31,Female,Bengaluru,25-34,0.6,1747.62,0.0,1747.62,828.48,919.14,52.59,No Discount,0,0,0,0,0,Low
1097,204,315,3,10,2024-12-14,2024,12,Dec,Saturday,4,Product_315,Sports,2578.7,1522.22,60,Male,Chennai,45+,3.3,7736.099999999999,773.61,6962.49,4566.66,2395.83,34.41,10%,0,0,0,0,0,Low
1098,226,303,1,15,2024-10-28,2024,10,Oct,Monday,4,Product_303,Electronics,4451.42,1867.23,29,Female,Mumbai,25-34,3.5,4451.42,667.7130000000001,3783.707,1867.23,1916.477,50.65,15%,0,0,0,0,0,Low
1099,229,307,4,0,2024-06-29,2024,6,Jun,Saturday,2,Product_307,Books,4562.09,2799.67,42,Female,Delhi,35-44,0.2,18248.36,0.0,18248.36,11198.68,7049.68,38.63,No Discount,1,0,0,1,65,High
1100,245,311,4,0,2024-04-04,2024,4,Apr,Thursday,2,Product_311,Books,1957.07,1356.22,42,Male,Hyderabad,35-44,3.5,7828.28,0.0,7828.28,5424.88,2403.4,30.7,No Discount,0,0,0,0,0,Low
1101,234,310,1,20,2024-04-08,2024,4,Apr,Monday,2,Product_310,Sports,302.45,145.19,32,Female,Kolkata,25-34,0.4,302.45,60.49,241.96,145.19,96.76999999999998,39.99,20%,0,0,1,0,15,Low
1102,223,309,2,0,2024-07-06,2024,7,Jul,Saturday,3,Product_309,Electronics,3344.14,2338.63,19,Male,Ahmedabad,18-24,2.6,6688.28,0.0,6688.28,4677.26,2011.0199999999995,30.07,No Discount,0,0,0,0,0,Low
1103,237,314,4,5,2024-04-25,2024,4,Apr,Thursday,2,Product_314,Sports,2810.22,1415.01,20,Female,Chennai,18-24,2.1,11240.88,562.044,10678.836,5660.04,5018.795999999999,47.0,5%,0,0,0,0,0,Low
1104,211,313,5,5,2024-07-09,2024,7,Jul,Tuesday,3,Product_313,Books,1073.88,440.2,28,Male,Mumbai,25-34,2.9,5369.400000000001,268.47,5100.93,2201.0,2899.9300000000003,56.85,5%,0,0,0,0,0,Low
1105,206,302,4,0,2024-09-09,2024,9,Sep,Monday,3,Product_302,Books,2257.6,1176.55,38,Male,Mumbai,35-44,3.2,9030.4,0.0,9030.4,4706.2,4324.2,47.88,No Discount,0,0,0,0,0,Low
1106,218,303,5,15,2024-06-09,2024,6,Jun,Sunday,2,Product_303,Electronics,4451.42,1867.23,19,Female,Ahmedabad,18-24,0.7,22257.1,3338.565,18918.535,9336.15,9582.385,50.65,15%,1,0,0,1,65,High
1107,221,307,1,10,2024-09-12,2024,9,Sep,Thursday,3,Product_307,Books,4562.09,2799.67,47,Female,Bengaluru,45+,0.3,4562.09,456.209,4105.881,2799.67,1306.2110000000002,31.81,10%,0,0,0,0,0,Low
1108,242,318,1,0,2024-11-18,2024,11,Nov,Monday,4,Product_318,Books,1447.39,773.39,56,Female,Kolkata,45+,2.0,1447.39,0.0,1447.39,773.39,674.0000000000001,46.57,No Discount,0,0,0,0,0,Low
1109,236,303,4,0,2024-05-07,2024,5,May,Tuesday,2,Product_303,Electronics,4451.42,1867.23,61,Female,Ahmedabad,45+,3.5,17805.68,0.0,17805.68,7468.92,10336.76,58.05,No Discount,1,0,0,1,65,High
1110,241,310,3,0,2024-01-18,2024,1,Jan,Thursday,1,Product_310,Sports,302.45,145.19,26,Female,Kolkata,25-34,1.5,907.35,0.0,907.35,435.57,471.7799999999999,52.0,No Discount,0,0,0,0,0,Low
1111,238,307,5,10,2024-10-07,2024,10,Oct,Monday,4,Product_307,Books,4562.09,2799.67,54,Male,Delhi,45+,3.6,22810.45,2281.045,20529.405,13998.35,6531.054999999999,31.81,10%,1,0,0,1,65,High
1112,234,309,2,0,2024-08-10,2024,8,Aug,Saturday,3,Product_309,Electronics,3344.14,2338.63,32,Female,Kolkata,25-34,0.4,6688.28,0.0,6688.28,4677.26,2011.0199999999995,30.07,No Discount,0,0,0,0,0,Low
1113,217,317,4,10,2024-02-23,2024,2,Feb,Friday,1,Product_317,Sports,1566.24,875.97,39,Female,Ahmedabad,35-44,2.2,6264.96,626.496,5638.464,3503.88,2134.584,37.86,10%,0,0,0,0,0,Low
1114,237,311,2,0,2024-02-27,2024,2,Feb,Tuesday,1,Product_311,Books,1957.07,1356.22,20,Female,Chennai,18-24,2.1,3914.14,0.0,3914.14,2712.44,1201.6999999999998,30.7,No Discount,0,0,0,0,0,Low
1115,225,307,4,0,2024-11-18,2024,11,Nov,Monday,4,Product_307,Books,4562.09,2799.67,50,Female,Bengaluru,45+,1.5,18248.36,0.0,18248.36,11198.68,7049.68,38.63,No Discount,1,0,0,1,65,High
1116,238,314,3,0,2024-12-25,2024,12,Dec,Wednesday,4,Product_314,Sports,2810.22,1415.01,54,Male,Delhi,45+,3.6,8430.66,0.0,8430.66,4245.03,4185.63,49.65,No Discount,0,0,0,0,0,Low
1117,212,319,3,5,2024-06-22,2024,6,Jun,Saturday,2,Product_319,Fashion,1090.97,617.34,41,Female,Kolkata,35-44,3.9,3272.91,163.6455,3109.2645,1852.02,1257.2444999999998,40.44,5%,0,0,0,0,0,Low
1118,223,304,3,15,2024-10-06,2024,10,Oct,Sunday,4,Product_304,Home & Kitchen,1824.42,868.74,19,Male,Ahmedabad,18-24,2.6,5473.26,820.989,4652.271000000001,2606.2200000000003,2046.0510000000004,43.98,15%,0,0,0,0,0,Low
1119,242,306,3,0,2024-04-23,2024,4,Apr,Tuesday,2,Product_306,Fashion,1974.6,1202.32,56,Female,Kolkata,45+,2.0,5923.799999999999,0.0,5923.799999999999,3606.96,2316.8399999999992,39.11,No Discount,0,0,0,0,0,Low
1120,222,310,1,5,2024-10-14,2024,10,Oct,Monday,4,Product_310,Sports,302.45,145.19,55,Female,Mumbai,45+,0.6,302.45,15.1225,287.3275,145.19,142.1375,49.47,5%,0,0,0,0,0,Low
1121,221,307,1,0,2024-12-07,2024,12,Dec,Saturday,4,Product_307,Books,4562.09,2799.67,47,Female,Bengaluru,45+,0.3,4562.09,0.0,4562.09,2799.67,1762.42,38.63,No Discount,0,0,0,0,0,Low
1122,227,313,5,5,2024-05-30,2024,5,May,Thursday,2,Product_313,Books,1073.88,440.2,39,Female,Bengaluru,35-44,2.2,5369.400000000001,268.47,5100.93,2201.0,2899.9300000000003,56.85,5%,0,0,0,0,0,Low
1123,231,314,2,0,2024-05-06,2024,5,May,Monday,2,Product_314,Sports,2810.22,1415.01,59,Female,Delhi,45+,1.1,5620.44,0.0,5620.44,2830.02,2790.42,49.65,No Discount,0,0,0,0,0,Low
1124,206,304,4,10,2024-06-03,2024,6,Jun,Monday,2,Product_304,Home & Kitchen,1824.42,868.74,38,Male,Mumbai,35-44,3.2,7297.68,729.768,6567.912,3474.96,3092.952,47.09,10%,0,0,0,0,0,Low
1125,227,308,4,20,2024-09-29,2024,9,Sep,Sunday,3,Product_308,Electronics,1579.02,701.76,39,Female,Bengaluru,35-44,2.2,6316.08,1263.216,5052.864,2807.04,2245.824,44.45,20%,0,0,1,0,15,Low
1126,240,305,1,5,2024-04-13,2024,4,Apr,Saturday,2,Product_305,Sports,873.81,414.24,38,Male,Ahmedabad,35-44,0.3,873.81,43.69049999999999,830.1194999999999,414.24,415.8794999999999,50.1,5%,0,0,0,0,0,Low
1127,234,301,4,0,2024-10-25,2024,10,Oct,Friday,4,Product_301,Books,1326.67,752.79,32,Female,Kolkata,25-34,0.4,5306.68,0.0,5306.68,3011.16,2295.5200000000004,43.26,No Discount,0,0,0,0,0,Low
1128,212,304,1,0,2024-09-02,2024,9,Sep,Monday,3,Product_304,Home & Kitchen,1824.42,868.74,41,Female,Kolkata,35-44,3.9,1824.42,0.0,1824.42,868.74,955.68,52.38,No Discount,0,0,0,0,0,Low
1129,245,303,5,20,2024-06-24,2024,6,Jun,Monday,2,Product_303,Electronics,4451.42,1867.23,42,Male,Hyderabad,35-44,3.5,22257.1,4451.42,17805.68,9336.15,8469.53,47.57,20%,1,0,1,1,80,High
1130,207,309,2,15,2024-02-08,2024,2,Feb,Thursday,1,Product_309,Electronics,3344.14,2338.63,56,Female,Hyderabad,45+,0.1,6688.28,1003.242,5685.038,4677.26,1007.7779999999992,17.73,15%,0,0,0,0,0,Low
1131,210,308,5,0,2024-06-18,2024,6,Jun,Tuesday,2,Product_308,Electronics,1579.02,701.76,28,Female,Mumbai,25-34,3.6,7895.1,0.0,7895.1,3508.8,4386.3,55.56,No Discount,0,0,0,0,0,Low
1132,245,301,3,0,2024-09-03,2024,9,Sep,Tuesday,3,Product_301,Books,1326.67,752.79,42,Male,Hyderabad,35-44,3.5,3980.01,0.0,3980.01,2258.37,1721.6400000000003,43.26,No Discount,0,0,0,0,0,Low
1133,217,306,3,0,2024-01-26,2024,1,Jan,Friday,1,Product_306,Fashion,1974.6,1202.32,39,Female,Ahmedabad,35-44,2.2,5923.799999999999,0.0,5923.799999999999,3606.96,2316.8399999999992,39.11,No Discount,0,0,0,0,0,Low
1134,226,309,3,10,2024-12-20,2024,12,Dec,Friday,4,Product_309,Electronics,3344.14,2338.63,29,Female,Mumbai,25-34,3.5,10032.42,1003.242,9029.178,7015.89,2013.288,22.3,10%,0,0,0,0,0,Low
1135,221,307,5,5,2024-11-01,2024,11,Nov,Friday,4,Product_307,Books,4562.09,2799.67,47,Female,Bengaluru,45+,0.3,22810.45,1140.5225,21669.9275,13998.35,7671.577500000001,35.4,5%,1,0,0,1,65,High
1136,228,304,4,15,2024-01-13,2024,1,Jan,Saturday,1,Product_304,Home & Kitchen,1824.42,868.74,61,Female,Hyderabad,45+,4.7,7297.68,1094.652,6203.028,3474.96,2728.068,43.98,15%,0,0,0,0,0,Low
1137,246,313,2,20,2024-11-11,2024,11,Nov,Monday,4,Product_313,Books,1073.88,440.2,31,Female,Bengaluru,25-34,0.6,2147.76,429.552,1718.208,880.4,837.8080000000001,48.76,20%,0,0,1,0,15,Low
1138,202,317,3,10,2024-11-08,2024,11,Nov,Friday,4,Product_317,Sports,1566.24,875.97,46,Male,Chennai,45+,2.4,4698.72,469.87200000000007,4228.848,2627.91,1600.938,37.86,10%,0,0,0,0,0,Low
1139,243,302,3,0,2024-02-05,2024,2,Feb,Monday,1,Product_302,Books,2257.6,1176.55,35,Male,Pune,35-44,3.4,6772.799999999999,0.0,6772.799999999999,3529.65,3243.15,47.88,No Discount,0,0,0,0,0,Low
1140,201,305,3,15,2024-06-21,2024,6,Jun,Friday,2,Product_305,Sports,873.81,414.24,56,Female,Mumbai,45+,0.7,2621.43,393.2145,2228.2155,1242.72,985.4954999999998,44.23,15%,0,0,0,0,0,Low
1141,236,312,2,5,2024-01-20,2024,1,Jan,Saturday,1,Product_312,Home & Kitchen,1732.47,906.62,61,Female,Ahmedabad,45+,3.5,3464.94,173.247,3291.693,1813.24,1478.4530000000002,44.91,5%,0,0,0,0,0,Low
1142,226,308,3,5,2024-11-16,2024,11,Nov,Saturday,4,Product_308,Electronics,1579.02,701.76,29,Female,Mumbai,25-34,3.5,4737.06,236.85299999999995,4500.206999999999,2105.28,2394.927,53.22,5%,0,0,0,0,0,Low
1143,229,306,2,20,2024-09-20,2024,9,Sep,Friday,3,Product_306,Fashion,1974.6,1202.32,42,Female,Delhi,35-44,0.2,3949.2,789.84,3159.36,2404.64,754.7199999999998,23.89,20%,0,0,1,0,15,Low
1144,221,308,3,0,2024-05-21,2024,5,May,Tuesday,2,Product_308,Electronics,1579.02,701.76,47,Female,Bengaluru,45+,0.3,4737.06,0.0,4737.06,2105.28,2631.78,55.56,No Discount,0,0,0,0,0,Low
1145,211,318,5,20,2024-05-22,2024,5,May,Wednesday,2,Product_318,Books,1447.39,773.39,28,Male,Mumbai,25-34,2.9,7236.950000000001,1447.39,5789.56,3866.95,1922.6100000000008,33.21,20%,0,0,1,0,15,Low
1146,240,303,5,0,2024-04-01,2024,4,Apr,Monday,2,Product_303,Electronics,4451.42,1867.23,38,Male,Ahmedabad,35-44,0.3,22257.1,0.0,22257.1,9336.15,12920.95,58.05,No Discount,1,0,0,1,65,High
1147,211,312,2,15,2024-12-19,2024,12,Dec,Thursday,4,Product_312,Home & Kitchen,1732.47,906.62,28,Male,Mumbai,25-34,2.9,3464.94,519.741,2945.199,1813.24,1131.959,38.43,15%,0,0,0,0,0,Low
1148,236,303,5,15,2024-11-17,2024,11,Nov,Sunday,4,Product_303,Electronics,4451.42,1867.23,61,Female,Ahmedabad,45+,3.5,22257.1,3338.565,18918.535,9336.15,9582.385,50.65,15%,1,0,0,1,65,High
1149,249,306,2,0,2024-10-14,2024,10,Oct,Monday,4,Product_306,Fashion,1974.6,1202.32,19,Female,Pune,18-24,2.8,3949.2,0.0,3949.2,2404.64,1544.56,39.11,No Discount,0,0,0,0,0,Low
1150,239,302,5,0,2024-08-02,2024,8,Aug,Friday,3,Product_302,Books,2257.6,1176.55,24,Female,Mumbai,18-24,1.8,11288.0,0.0,11288.0,5882.75,5405.25,47.88,No Discount,0,0,0,0,0,Low
1151,240,312,5,0,2024-12-07,2024,12,Dec,Saturday,4,Product_312,Home & Kitchen,1732.47,906.62,38,Male,Ahmedabad,35-44,0.3,8662.35,0.0,8662.35,4533.1,4129.25,47.67,No Discount,0,0,0,0,0,Low
1152,235,302,2,15,2024-02-20,2024,2,Feb,Tuesday,1,Product_302,Books,2257.6,1176.55,64,Male,Mumbai,45+,1.7,4515.2,677.28,3837.92,2353.1,1484.8200000000002,38.69,15%,0,0,0,0,0,Low
1153,234,306,4,15,2024-06-01,2024,6,Jun,Saturday,2,Product_306,Fashion,1974.6,1202.32,32,Female,Kolkata,25-34,0.4,7898.4,1184.76,6713.639999999999,4809.28,1904.36,28.37,15%,0,0,0,0,0,Low
1154,247,317,5,10,2024-07-04,2024,7,Jul,Thursday,3,Product_317,Sports,1566.24,875.97,26,Male,Chennai,25-34,2.2,7831.2,783.12,7048.08,4379.85,2668.23,37.86,10%,0,0,0,0,0,Low
1155,224,303,3,10,2024-03-03,2024,3,Mar,Sunday,1,Product_303,Electronics,4451.42,1867.23,38,Male,Bengaluru,35-44,3.0,13354.26,1335.4260000000002,12018.834,5601.6900000000005,6417.144,53.39,10%,0,0,0,0,0,Low
1156,222,302,4,10,2024-07-08,2024,7,Jul,Monday,3,Product_302,Books,2257.6,1176.55,55,Female,Mumbai,45+,0.6,9030.4,903.04,8127.36,4706.2,3421.16,42.09,10%,0,0,0,0,0,Low
1157,205,320,2,0,2024-05-04,2024,5,May,Saturday,2,Product_320,Books,1328.19,767.44,25,Female,Hyderabad,25-34,0.9,2656.38,0.0,2656.38,1534.88,1121.5,42.22,No Discount,0,0,0,0,0,Low
1158,233,308,4,0,2024-05-29,2024,5,May,Wednesday,2,Product_308,Electronics,1579.02,701.76,33,Male,Chennai,25-34,3.0,6316.08,0.0,6316.08,2807.04,3509.04,55.56,No Discount,0,0,0,0,0,Low
1159,236,312,1,5,2024-11-09,2024,11,Nov,Saturday,4,Product_312,Home & Kitchen,1732.47,906.62,61,Female,Ahmedabad,45+,3.5,1732.47,86.6235,1645.8465,906.62,739.2265000000001,44.91,5%,0,0,0,0,0,Low
1160,247,304,1,10,2024-02-27,2024,2,Feb,Tuesday,1,Product_304,Home & Kitchen,1824.42,868.74,26,Male,Chennai,25-34,2.2,1824.42,182.442,1641.978,868.74,773.238,47.09,10%,0,0,0,0,0,Low
1161,220,305,5,0,2024-12-07,2024,12,Dec,Saturday,4,Product_305,Sports,873.81,414.24,61,Female,Bengaluru,45+,0.9,4369.049999999999,0.0,4369.049999999999,2071.2,2297.8499999999995,52.59,No Discount,0,0,0,0,0,Low
1162,219,313,5,20,2024-10-31,2024,10,Oct,Thursday,4,Product_313,Books,1073.88,440.2,41,Female,Kolkata,35-44,2.6,5369.400000000001,1073.88,4295.52,2201.0,2094.5200000000004,48.76,20%,0,0,1,0,15,Low
1163,235,315,3,0,2024-06-28,2024,6,Jun,Friday,2,Product_315,Sports,2578.7,1522.22,64,Male,Mumbai,45+,1.7,7736.099999999999,0.0,7736.099999999999,4566.66,3169.44,40.97,No Discount,0,0,0,0,0,Low
1164,243,316,4,10,2024-06-18,2024,6,Jun,Tuesday,2,Product_316,Books,3554.45,2147.64,35,Male,Pune,35-44,3.4,14217.8,1421.78,12796.02,8590.56,4205.459999999999,32.87,10%,0,0,0,1,35,Medium
1165,217,310,1,20,2024-11-21,2024,11,Nov,Thursday,4,Product_310,Sports,302.45,145.19,39,Female,Ahmedabad,35-44,2.2,302.45,60.49,241.96,145.19,96.76999999999998,39.99,20%,0,0,1,0,15,Low
1166,245,316,5,5,2024-09-27,2024,9,Sep,Friday,3,Product_316,Books,3554.45,2147.64,42,Male,Hyderabad,35-44,3.5,17772.25,888.6125,16883.6375,10738.2,6145.437500000002,36.4,5%,1,0,0,1,65,High
1167,243,312,4,0,2024-02-23,2024,2,Feb,Friday,1,Product_312,Home & Kitchen,1732.47,906.62,35,Male,Pune,35-44,3.4,6929.88,0.0,6929.88,3626.48,3303.4,47.67,No Discount,0,0,0,0,0,Low
1168,234,317,5,0,2024-04-10,2024,4,Apr,Wednesday,2,Product_317,Sports,1566.24,875.97,32,Female,Kolkata,25-34,0.4,7831.2,0.0,7831.2,4379.85,3451.3499999999995,44.07,No Discount,0,0,0,0,0,Low
1169,209,316,5,5,2024-09-20,2024,9,Sep,Friday,3,Product_316,Books,3554.45,2147.64,40,Male,Hyderabad,35-44,1.6,17772.25,888.6125,16883.6375,10738.2,6145.437500000002,36.4,5%,1,0,0,1,65,High
1170,226,312,1,10,2024-02-22,2024,2,Feb,Thursday,1,Product_312,Home & Kitchen,1732.47,906.62,29,Female,Mumbai,25-34,3.5,1732.47,173.247,1559.223,906.62,652.603,41.85,10%,0,0,0,0,0,Low
1171,202,308,1,0,2024-02-29,2024,2,Feb,Thursday,1,Product_308,Electronics,1579.02,701.76,46,Male,Chennai,45+,2.4,1579.02,0.0,1579.02,701.76,877.26,55.56,No Discount,0,0,0,0,0,Low
1172,209,320,5,5,2024-04-17,2024,4,Apr,Wednesday,2,Product_320,Books,1328.19,767.44,40,Male,Hyderabad,35-44,1.6,6640.950000000001,332.0475,6308.902500000001,3837.2,2471.702500000001,39.18,5%,0,0,0,0,0,Low
1173,209,303,2,5,2024-01-05,2024,1,Jan,Friday,1,Product_303,Electronics,4451.42,1867.23,40,Male,Hyderabad,35-44,1.6,8902.84,445.142,8457.698,3734.46,4723.238,55.85,5%,0,0,0,0,0,Low
1174,240,316,5,5,2024-04-12,2024,4,Apr,Friday,2,Product_316,Books,3554.45,2147.64,38,Male,Ahmedabad,35-44,0.3,17772.25,888.6125,16883.6375,10738.2,6145.437500000002,36.4,5%,1,0,0,1,65,High
1175,217,313,5,0,2024-07-14,2024,7,Jul,Sunday,3,Product_313,Books,1073.88,440.2,39,Female,Ahmedabad,35-44,2.2,5369.400000000001,0.0,5369.400000000001,2201.0,3168.4000000000005,59.01,No Discount,0,0,0,0,0,Low
1176,201,319,3,0,2024-09-18,2024,9,Sep,Wednesday,3,Product_319,Fashion,1090.97,617.34,56,Female,Mumbai,45+,0.7,3272.91,0.0,3272.91,1852.02,1420.89,43.41,No Discount,0,0,0,0,0,Low
1177,225,308,3,20,2024-12-30,2024,12,Dec,Monday,4,Product_308,Electronics,1579.02,701.76,50,Female,Bengaluru,45+,1.5,4737.06,947.4119999999998,3789.648,2105.28,1684.368,44.45,20%,0,0,1,0,15,Low
1178,243,305,3,0,2024-12-15,2024,12,Dec,Sunday,4,Product_305,Sports,873.81,414.24,35,Male,Pune,35-44,3.4,2621.43,0.0,2621.43,1242.72,1378.7099999999998,52.59,No Discount,0,0,0,0,0,Low
1179,240,320,2,10,2024-02-16,2024,2,Feb,Friday,1,Product_320,Books,1328.19,767.44,38,Male,Ahmedabad,35-44,0.3,2656.38,265.63800000000003,2390.742,1534.88,855.8620000000001,35.8,10%,0,0,0,0,0,Low
1180,242,308,2,10,2024-12-20,2024,12,Dec,Friday,4,Product_308,Electronics,1579.02,701.76,56,Female,Kolkata,45+,2.0,3158.04,315.80400000000003,2842.236,1403.52,1438.716,50.62,10%,0,0,0,0,0,Low
1181,225,312,5,20,2024-11-06,2024,11,Nov,Wednesday,4,Product_312,Home & Kitchen,1732.47,906.62,50,Female,Bengaluru,45+,1.5,8662.35,1732.47,6929.88,4533.1,2396.78,34.59,20%,0,0,1,0,15,Low
1182,239,301,3,0,2024-11-03,2024,11,Nov,Sunday,4,Product_301,Books,1326.67,752.79,24,Female,Mumbai,18-24,1.8,3980.01,0.0,3980.01,2258.37,1721.6400000000003,43.26,No Discount,0,0,0,0,0,Low
1183,235,320,2,5,2024-05-23,2024,5,May,Thursday,2,Product_320,Books,1328.19,767.44,64,Male,Mumbai,45+,1.7,2656.38,132.81900000000002,2523.561,1534.88,988.681,39.18,5%,0,0,0,0,0,Low
1184,203,306,1,0,2024-09-25,2024,9,Sep,Wednesday,3,Product_306,Fashion,1974.6,1202.32,32,Female,Chennai,25-34,0.2,1974.6,0.0,1974.6,1202.32,772.28,39.11,No Discount,0,0,0,0,0,Low
1185,250,318,5,10,2024-05-03,2024,5,May,Friday,2,Product_318,Books,1447.39,773.39,37,Female,Bengaluru,35-44,2.1,7236.950000000001,723.695,6513.255000000001,3866.95,2646.305000000001,40.63,10%,0,0,0,0,0,Low
1186,237,308,4,20,2024-04-15,2024,4,Apr,Monday,2,Product_308,Electronics,1579.02,701.76,20,Female,Chennai,18-24,2.1,6316.08,1263.216,5052.864,2807.04,2245.824,44.45,20%,0,0,1,0,15,Low
1187,244,307,5,15,2024-06-06,2024,6,Jun,Thursday,2,Product_307,Books,4562.09,2799.67,21,Female,Ahmedabad,18-24,3.1,22810.45,3421.5675,19388.8825,13998.35,5390.532499999999,27.8,15%,1,0,0,1,65,High
1188,244,301,4,20,2024-05-26,2024,5,May,Sunday,2,Product_301,Books,1326.67,752.79,21,Female,Ahmedabad,18-24,3.1,5306.68,1061.336,4245.344,3011.16,1234.1840000000002,29.07,20%,0,0,1,0,15,Low
1189,230,316,3,10,2024-05-24,2024,5,May,Friday,2,Product_316,Books,3554.45,2147.64,44,Female,Kolkata,35-44,3.7,10663.35,1066.3349999999998,9597.015,6442.92,3154.095,32.87,10%,0,0,0,0,0,Low
1190,238,312,4,5,2024-04-29,2024,4,Apr,Monday,2,Product_312,Home & Kitchen,1732.47,906.62,54,Male,Delhi,45+,3.6,6929.88,346.494,6583.386,3626.48,2956.9060000000004,44.91,5%,0,0,0,0,0,Low
1191,234,306,3,15,2024-11-14,2024,11,Nov,Thursday,4,Product_306,Fashion,1974.6,1202.32,32,Female,Kolkata,25-34,0.4,5923.799999999999,888.5699999999998,5035.23,3606.96,1428.2699999999995,28.37,15%,0,0,0,0,0,Low
1192,212,320,1,0,2024-10-01,2024,10,Oct,Tuesday,4,Product_320,Books,1328.19,767.44,41,Female,Kolkata,35-44,3.9,1328.19,0.0,1328.19,767.44,560.75,42.22,No Discount,0,0,0,0,0,Low
1193,219,302,4,0,2024-04-01,2024,4,Apr,Monday,2,Product_302,Books,2257.6,1176.55,41,Female,Kolkata,35-44,2.6,9030.4,0.0,9030.4,4706.2,4324.2,47.88,No Discount,0,0,0,0,0,Low
1194,237,314,5,0,2024-02-27,2024,2,Feb,Tuesday,1,Product_314,Sports,2810.22,1415.01,20,Female,Chennai,18-24,2.1,14051.1,0.0,14051.1,7075.05,6976.049999999998,49.65,No Discount,0,0,0,0,0,Low
1195,244,304,3,0,2024-12-11,2024,12,Dec,Wednesday,4,Product_304,Home & Kitchen,1824.42,868.74,21,Female,Ahmedabad,18-24,3.1,5473.26,0.0,5473.26,2606.2200000000003,2867.04,52.38,No Discount,0,0,0,0,0,Low
1196,249,301,5,20,2024-08-16,2024,8,Aug,Friday,3,Product_301,Books,1326.67,752.79,19,Female,Pune,18-24,2.8,6633.35,1326.67,5306.68,3763.95,1542.7300000000005,29.07,20%,0,0,1,0,15,Low
1197,217,318,2,0,2024-04-26,2024,4,Apr,Friday,2,Product_318,Books,1447.39,773.39,39,Female,Ahmedabad,35-44,2.2,2894.78,0.0,2894.78,1546.78,1348.0000000000002,46.57,No Discount,0,0,0,0,0,Low
1198,210,313,3,0,2024-11-13,2024,11,Nov,Wednesday,4,Product_313,Books,1073.88,440.2,28,Female,Mumbai,25-34,3.6,3221.6400000000003,0.0,3221.6400000000003,1320.6,1901.0400000000004,59.01,No Discount,0,0,0,0,0,Low
1199,249,302,4,10,2024-10-05,2024,10,Oct,Saturday,4,Product_302,Books,2257.6,1176.55,19,Female,Pune,18-24,2.8,9030.4,903.04,8127.36,4706.2,3421.16,42.09,10%,0,0,0,0,0,Low
1200,247,309,3,10,2024-05-06,2024,5,May,Monday,2,Product_309,Electronics,3344.14,2338.63,26,Male,Chennai,25-34,2.2,10032.42,1003.242,9029.178,7015.89,2013.288,22.3,10%,0,0,0,0,0,Low
1201,212,302,5,0,2024-05-08,2024,5,May,Wednesday,2,Product_302,Books,2257.6,1176.55,41,Female,Kolkata,35-44,3.9,11288.0,0.0,11288.0,5882.75,5405.25,47.88,No Discount,0,0,0,1,35,Medium
1202,216,309,1,15,2024-02-27,2024,2,Feb,Tuesday,1,Product_309,Electronics,3344.14,2338.63,20,Female,Chennai,18-24,4.4,3344.14,501.621,2842.519,2338.63,503.88899999999967,17.73,15%,0,0,0,0,0,Low
1203,224,301,3,0,2024-05-01,2024,5,May,Wednesday,2,Product_301,Books,1326.67,752.79,38,Male,Bengaluru,35-44,3.0,3980.01,0.0,3980.01,2258.37,1721.6400000000003,43.26,No Discount,0,0,0,0,0,Low
1204,219,311,4,10,2024-01-01,2024,1,Jan,Monday,1,Product_311,Books,1957.07,1356.22,41,Female,Kolkata,35-44,2.6,7828.28,782.828,7045.451999999999,5424.88,1620.5719999999992,23.0,10%,0,0,0,0,0,Low
1205,208,303,2,0,2024-08-26,2024,8,Aug,Monday,3,Product_303,Electronics,4451.42,1867.23,36,Male,Kolkata,35-44,2.2,8902.84,0.0,8902.84,3734.46,5168.38,58.05,No Discount,0,0,0,0,0,Low
1206,231,320,1,20,2024-10-16,2024,10,Oct,Wednesday,4,Product_320,Books,1328.19,767.44,59,Female,Delhi,45+,1.1,1328.19,265.63800000000003,1062.552,767.44,295.1120000000001,27.77,20%,0,0,1,0,15,Low
1207,221,304,2,15,2024-04-05,2024,4,Apr,Friday,2,Product_304,Home & Kitchen,1824.42,868.74,47,Female,Bengaluru,45+,0.3,3648.84,547.326,3101.514,1737.48,1364.034,43.98,15%,0,0,0,0,0,Low
1208,217,318,3,0,2024-05-05,2024,5,May,Sunday,2,Product_318,Books,1447.39,773.39,39,Female,Ahmedabad,35-44,2.2,4342.17,0.0,4342.17,2320.17,2022.0,46.57,No Discount,0,0,0,0,0,Low
1209,223,306,5,15,2024-04-27,2024,4,Apr,Saturday,2,Product_306,Fashion,1974.6,1202.32,19,Male,Ahmedabad,18-24,2.6,9873.0,1480.95,8392.05,6011.599999999999,2380.45,28.37,15%,0,0,0,0,0,Low
1210,237,303,5,10,2024-02-17,2024,2,Feb,Saturday,1,Product_303,Electronics,4451.42,1867.23,20,Female,Chennai,18-24,2.1,22257.1,2225.71,20031.39,9336.15,10695.24,53.39,10%,1,0,0,1,65,High
1211,216,311,4,0,2024-03-29,2024,3,Mar,Friday,1,Product_311,Books,1957.07,1356.22,20,Female,Chennai,18-24,4.4,7828.28,0.0,7828.28,5424.88,2403.4,30.7,No Discount,0,0,0,0,0,Low
1212,206,315,5,20,2024-08-24,2024,8,Aug,Saturday,3,Product_315,Sports,2578.7,1522.22,38,Male,Mumbai,35-44,3.2,12893.5,2578.7,10314.8,7611.1,2703.699999999999,26.21,20%,0,0,1,0,15,Low
1213,208,305,1,0,2024-09-28,2024,9,Sep,Saturday,3,Product_305,Sports,873.81,414.24,36,Male,Kolkata,35-44,2.2,873.81,0.0,873.81,414.24,459.57,52.59,No Discount,0,0,0,0,0,Low
1214,225,320,5,5,2024-07-07,2024,7,Jul,Sunday,3,Product_320,Books,1328.19,767.44,50,Female,Bengaluru,45+,1.5,6640.950000000001,332.0475,6308.902500000001,3837.2,2471.702500000001,39.18,5%,0,0,0,0,0,Low
1215,218,310,4,20,2024-07-10,2024,7,Jul,Wednesday,3,Product_310,Sports,302.45,145.19,19,Female,Ahmedabad,18-24,0.7,1209.8,241.96,967.84,580.76,387.0799999999999,39.99,20%,0,0,1,0,15,Low
1216,225,312,3,0,2024-03-09,2024,3,Mar,Saturday,1,Product_312,Home & Kitchen,1732.47,906.62,50,Female,Bengaluru,45+,1.5,5197.41,0.0,5197.41,2719.86,2477.55,47.67,No Discount,0,0,0,0,0,Low
1217,212,315,3,15,2024-10-04,2024,10,Oct,Friday,4,Product_315,Sports,2578.7,1522.22,41,Female,Kolkata,35-44,3.9,7736.099999999999,1160.415,6575.685,4566.66,2009.025,30.55,15%,0,0,0,0,0,Low
1218,215,317,5,0,2024-12-14,2024,12,Dec,Saturday,4,Product_317,Sports,1566.24,875.97,41,Female,Mumbai,35-44,3.9,7831.2,0.0,7831.2,4379.85,3451.3499999999995,44.07,No Discount,0,0,0,0,0,Low
1219,226,310,2,20,2024-09-03,2024,9,Sep,Tuesday,3,Product_310,Sports,302.45,145.19,29,Female,Mumbai,25-34,3.5,604.9,120.98,483.92,290.38,193.54,39.99,20%,0,0,1,0,15,Low
1220,241,306,3,15,2024-03-16,2024,3,Mar,Saturday,1,Product_306,Fashion,1974.6,1202.32,26,Female,Kolkata,25-34,1.5,5923.799999999999,888.5699999999998,5035.23,3606.96,1428.2699999999995,28.37,15%,0,0,0,0,0,Low
1221,245,318,5,0,2024-06-02,2024,6,Jun,Sunday,2,Product_318,Books,1447.39,773.39,42,Male,Hyderabad,35-44,3.5,7236.950000000001,0.0,7236.950000000001,3866.95,3370.000000000001,46.57,No Discount,0,0,0,0,0,Low
1222,226,313,4,10,2024-05-23,2024,5,May,Thursday,2,Product_313,Books,1073.88,440.2,29,Female,Mumbai,25-34,3.5,4295.52,429.552,3865.968,1760.8,2105.1680000000006,54.45,10%,0,0,0,0,0,Low
1223,247,303,5,20,2024-03-26,2024,3,Mar,Tuesday,1,Product_303,Electronics,4451.42,1867.23,26,Male,Chennai,25-34,2.2,22257.1,4451.42,17805.68,9336.15,8469.53,47.57,20%,1,0,1,1,80,High
1224,232,310,3,10,2024-07-03,2024,7,Jul,Wednesday,3,Product_310,Sports,302.45,145.19,45,Female,Mumbai,45+,4.4,907.35,90.735,816.6149999999999,435.57,381.0449999999999,46.66,10%,0,0,0,0,0,Low
1225,210,314,4,20,2024-10-11,2024,10,Oct,Friday,4,Product_314,Sports,2810.22,1415.01,28,Female,Mumbai,25-34,3.6,11240.88,2248.176,8992.704,5660.04,3332.664,37.06,20%,0,0,1,0,15,Low
1226,216,306,5,10,2024-08-07,2024,8,Aug,Wednesday,3,Product_306,Fashion,1974.6,1202.32,20,Female,Chennai,18-24,4.4,9873.0,987.3,8885.7,6011.599999999999,2874.1000000000013,32.35,10%,0,0,0,0,0,Low
1227,207,303,1,15,2024-03-09,2024,3,Mar,Saturday,1,Product_303,Electronics,4451.42,1867.23,56,Female,Hyderabad,45+,0.1,4451.42,667.7130000000001,3783.707,1867.23,1916.477,50.65,15%,0,0,0,0,0,Low
1228,217,316,4,5,2024-02-16,2024,2,Feb,Friday,1,Product_316,Books,3554.45,2147.64,39,Female,Ahmedabad,35-44,2.2,14217.8,710.89,13506.91,8590.56,4916.35,36.4,5%,0,0,0,1,35,Medium
1229,223,307,1,20,2024-04-03,2024,4,Apr,Wednesday,2,Product_307,Books,4562.09,2799.67,19,Male,Ahmedabad,18-24,2.6,4562.09,912.418,3649.672,2799.67,850.002,23.29,20%,0,0,1,0,15,Low
1230,226,320,2,20,2024-08-25,2024,8,Aug,Sunday,3,Product_320,Books,1328.19,767.44,29,Female,Mumbai,25-34,3.5,2656.38,531.2760000000001,2125.1040000000003,1534.88,590.2240000000002,27.77,20%,0,0,1,0,15,Low
1231,221,314,4,10,2024-07-22,2024,7,Jul,Monday,3,Product_314,Sports,2810.22,1415.01,47,Female,Bengaluru,45+,0.3,11240.88,1124.088,10116.792,5660.04,4456.752,44.05,10%,0,0,0,0,0,Low
1232,222,309,1,0,2024-08-05,2024,8,Aug,Monday,3,Product_309,Electronics,3344.14,2338.63,55,Female,Mumbai,45+,0.6,3344.14,0.0,3344.14,2338.63,1005.5099999999998,30.07,No Discount,0,0,0,0,0,Low
1233,207,315,3,20,2024-12-06,2024,12,Dec,Friday,4,Product_315,Sports,2578.7,1522.22,56,Female,Hyderabad,45+,0.1,7736.099999999999,1547.22,6188.879999999999,4566.66,1622.2199999999991,26.21,20%,0,0,1,0,15,Low
1234,214,303,3,10,2024-02-08,2024,2,Feb,Thursday,1,Product_303,Electronics,4451.42,1867.23,57,Female,Ahmedabad,45+,2.8,13354.26,1335.4260000000002,12018.834,5601.6900000000005,6417.144,53.39,10%,0,0,0,0,0,Low
1235,215,302,2,0,2024-04-09,2024,4,Apr,Tuesday,2,Product_302,Books,2257.6,1176.55,41,Female,Mumbai,35-44,3.9,4515.2,0.0,4515.2,2353.1,2162.1,47.88,No Discount,0,0,0,0,0,Low
1236,207,302,4,10,2024-10-15,2024,10,Oct,Tuesday,4,Product_302,Books,2257.6,1176.55,56,Female,Hyderabad,45+,0.1,9030.4,903.04,8127.36,4706.2,3421.16,42.09,10%,0,0,0,0,0,Low
1237,209,303,4,15,2024-09-10,2024,9,Sep,Tuesday,3,Product_303,Electronics,4451.42,1867.23,40,Male,Hyderabad,35-44,1.6,17805.68,2670.8520000000003,15134.828,7468.92,7665.907999999999,50.65,15%,0,0,0,1,35,Medium
1238,248,318,4,5,2024-08-09,2024,8,Aug,Friday,3,Product_318,Books,1447.39,773.39,43,Male,Ahmedabad,35-44,3.2,5789.56,289.478,5500.082,3093.56,2406.5220000000004,43.75,5%,0,0,0,0,0,Low
1239,208,314,2,0,2024-12-22,2024,12,Dec,Sunday,4,Product_314,Sports,2810.22,1415.01,36,Male,Kolkata,35-44,2.2,5620.44,0.0,5620.44,2830.02,2790.42,49.65,No Discount,0,0,0,0,0,Low
1240,250,320,4,15,2024-01-23,2024,1,Jan,Tuesday,1,Product_320,Books,1328.19,767.44,37,Female,Bengaluru,35-44,2.1,5312.76,796.9140000000001,4515.8460000000005,3069.76,1446.0860000000002,32.02,15%,0,0,0,0,0,Low
1241,223,318,3,15,2024-09-06,2024,9,Sep,Friday,3,Product_318,Books,1447.39,773.39,19,Male,Ahmedabad,18-24,2.6,4342.17,651.3255,3690.8445,2320.17,1370.6745,37.14,15%,0,0,0,0,0,Low
1242,229,310,1,15,2024-01-10,2024,1,Jan,Wednesday,1,Product_310,Sports,302.45,145.19,42,Female,Delhi,35-44,0.2,302.45,45.3675,257.0825,145.19,111.89249999999998,43.52,15%,0,0,0,0,0,Low
1243,218,302,3,0,2024-09-02,2024,9,Sep,Monday,3,Product_302,Books,2257.6,1176.55,19,Female,Ahmedabad,18-24,0.7,6772.799999999999,0.0,6772.799999999999,3529.65,3243.15,47.88,No Discount,0,0,0,0,0,Low
1244,231,301,3,15,2024-11-20,2024,11,Nov,Wednesday,4,Product_301,Books,1326.67,752.79,59,Female,Delhi,45+,1.1,3980.01,597.0015,3383.0085000000004,2258.37,1124.6385000000005,33.24,15%,0,0,0,0,0,Low
1245,230,304,1,0,2024-04-09,2024,4,Apr,Tuesday,2,Product_304,Home & Kitchen,1824.42,868.74,44,Female,Kolkata,35-44,3.7,1824.42,0.0,1824.42,868.74,955.68,52.38,No Discount,0,0,0,0,0,Low
1246,239,314,3,15,2024-10-16,2024,10,Oct,Wednesday,4,Product_314,Sports,2810.22,1415.01,24,Female,Mumbai,18-24,1.8,8430.66,1264.599,7166.061,4245.03,2921.031,40.76,15%,0,0,0,0,0,Low
1247,235,301,2,0,2024-06-28,2024,6,Jun,Friday,2,Product_301,Books,1326.67,752.79,64,Male,Mumbai,45+,1.7,2653.34,0.0,2653.34,1505.58,1147.7600000000002,43.26,No Discount,0,0,0,0,0,Low
1248,218,314,1,0,2024-08-10,2024,8,Aug,Saturday,3,Product_314,Sports,2810.22,1415.01,19,Female,Ahmedabad,18-24,0.7,2810.22,0.0,2810.22,1415.01,1395.2099999999998,49.65,No Discount,0,0,0,0,0,Low
1249,242,316,3,0,2024-09-06,2024,9,Sep,Friday,3,Product_316,Books,3554.45,2147.64,56,Female,Kolkata,45+,2.0,10663.35,0.0,10663.35,6442.92,4220.429999999999,39.58,No Discount,0,0,0,0,0,Low
1250,239,314,5,15,2024-05-26,2024,5,May,Sunday,2,Product_314,Sports,2810.22,1415.01,24,Female,Mumbai,18-24,1.8,14051.1,2107.6649999999995,11943.435,7075.05,4868.384999999999,40.76,15%,0,0,0,0,0,Low
1251,217,320,3,0,2024-04-05,2024,4,Apr,Friday,2,Product_320,Books,1328.19,767.44,39,Female,Ahmedabad,35-44,2.2,3984.57,0.0,3984.57,2302.32,1682.25,42.22,No Discount,0,0,0,0,0,Low
1252,214,303,2,0,2024-09-13,2024,9,Sep,Friday,3,Product_303,Electronics,4451.42,1867.23,57,Female,Ahmedabad,45+,2.8,8902.84,0.0,8902.84,3734.46,5168.38,58.05,No Discount,0,0,0,0,0,Low
1253,231,303,4,20,2024-11-20,2024,11,Nov,Wednesday,4,Product_303,Electronics,4451.42,1867.23,59,Female,Delhi,45+,1.1,17805.68,3561.136,14244.544,7468.92,6775.624,47.57,20%,0,0,1,1,50,Medium
1254,224,309,3,5,2024-01-04,2024,1,Jan,Thursday,1,Product_309,Electronics,3344.14,2338.63,38,Male,Bengaluru,35-44,3.0,10032.42,501.621,9530.799,7015.89,2514.909000000001,26.39,5%,0,0,0,0,0,Low
1255,235,306,4,0,2024-01-16,2024,1,Jan,Tuesday,1,Product_306,Fashion,1974.6,1202.32,64,Male,Mumbai,45+,1.7,7898.4,0.0,7898.4,4809.28,3089.12,39.11,No Discount,0,0,0,0,0,Low
1256,244,313,5,5,2024-10-06,2024,10,Oct,Sunday,4,Product_313,Books,1073.88,440.2,21,Female,Ahmedabad,18-24,3.1,5369.400000000001,268.47,5100.93,2201.0,2899.9300000000003,56.85,5%,0,0,0,0,0,Low
1257,245,302,3,0,2024-12-01,2024,12,Dec,Sunday,4,Product_302,Books,2257.6,1176.55,42,Male,Hyderabad,35-44,3.5,6772.799999999999,0.0,6772.799999999999,3529.65,3243.15,47.88,No Discount,0,0,0,0,0,Low
1258,234,308,1,0,2024-09-03,2024,9,Sep,Tuesday,3,Product_308,Electronics,1579.02,701.76,32,Female,Kolkata,25-34,0.4,1579.02,0.0,1579.02,701.76,877.26,55.56,No Discount,0,0,0,0,0,Low
1259,203,302,4,0,2024-09-14,2024,9,Sep,Saturday,3,Product_302,Books,2257.6,1176.55,32,Female,Chennai,25-34,0.2,9030.4,0.0,9030.4,4706.2,4324.2,47.88,No Discount,0,0,0,0,0,Low
1260,237,304,5,5,2024-06-08,2024,6,Jun,Saturday,2,Product_304,Home & Kitchen,1824.42,868.74,20,Female,Chennai,18-24,2.1,9122.1,456.105,8665.995,4343.7,4322.295000000001,49.88,5%,0,0,0,0,0,Low
1261,243,315,1,0,2024-12-05,2024,12,Dec,Thursday,4,Product_315,Sports,2578.7,1522.22,35,Male,Pune,35-44,3.4,2578.7,0.0,2578.7,1522.22,1056.4799999999998,40.97,No Discount,0,0,0,0,0,Low
1262,240,304,1,15,2024-05-31,2024,5,May,Friday,2,Product_304,Home & Kitchen,1824.42,868.74,38,Male,Ahmedabad,35-44,0.3,1824.42,273.663,1550.757,868.74,682.017,43.98,15%,0,0,0,0,0,Low
1263,226,313,1,20,2024-06-26,2024,6,Jun,Wednesday,2,Product_313,Books,1073.88,440.2,29,Female,Mumbai,25-34,3.5,1073.88,214.776,859.104,440.2,418.90400000000005,48.76,20%,0,0,1,0,15,Low
1264,223,312,1,20,2024-06-11,2024,6,Jun,Tuesday,2,Product_312,Home & Kitchen,1732.47,906.62,19,Male,Ahmedabad,18-24,2.6,1732.47,346.494,1385.976,906.62,479.3560000000001,34.59,20%,0,0,1,0,15,Low
1265,244,313,3,20,2024-02-02,2024,2,Feb,Friday,1,Product_313,Books,1073.88,440.2,21,Female,Ahmedabad,18-24,3.1,3221.6400000000003,644.328,2577.3120000000004,1320.6,1256.7120000000004,48.76,20%,0,0,1,0,15,Low
1266,239,314,3,15,2024-06-27,2024,6,Jun,Thursday,2,Product_314,Sports,2810.22,1415.01,24,Female,Mumbai,18-24,1.8,8430.66,1264.599,7166.061,4245.03,2921.031,40.76,15%,0,0,0,0,0,Low
1267,215,320,3,20,2024-04-10,2024,4,Apr,Wednesday,2,Product_320,Books,1328.19,767.44,41,Female,Mumbai,35-44,3.9,3984.57,796.9140000000001,3187.656,2302.32,885.3359999999998,27.77,20%,0,0,1,0,15,Low
1268,249,318,5,0,2024-09-24,2024,9,Sep,Tuesday,3,Product_318,Books,1447.39,773.39,19,Female,Pune,18-24,2.8,7236.950000000001,0.0,7236.950000000001,3866.95,3370.000000000001,46.57,No Discount,0,0,0,0,0,Low
1269,204,306,5,15,2024-11-18,2024,11,Nov,Monday,4,Product_306,Fashion,1974.6,1202.32,60,Male,Chennai,45+,3.3,9873.0,1480.95,8392.05,6011.599999999999,2380.45,28.37,15%,0,0,0,0,0,Low
1270,229,311,5,20,2024-03-05,2024,3,Mar,Tuesday,1,Product_311,Books,1957.07,1356.22,42,Female,Delhi,35-44,0.2,9785.35,1957.07,7828.280000000001,6781.1,1047.1800000000003,13.38,20%,0,0,1,0,15,Low
1271,222,302,2,15,2024-06-16,2024,6,Jun,Sunday,2,Product_302,Books,2257.6,1176.55,55,Female,Mumbai,45+,0.6,4515.2,677.28,3837.92,2353.1,1484.8200000000002,38.69,15%,0,0,0,0,0,Low
1272,225,319,5,5,2024-11-25,2024,11,Nov,Monday,4,Product_319,Fashion,1090.97,617.34,50,Female,Bengaluru,45+,1.5,5454.85,272.7425,5182.1075,3086.7000000000003,2095.4075,40.44,5%,0,0,0,0,0,Low
1273,213,319,3,0,2024-02-12,2024,2,Feb,Monday,1,Product_319,Fashion,1090.97,617.34,53,Female,Mumbai,45+,2.6,3272.91,0.0,3272.91,1852.02,1420.89,43.41,No Discount,0,0,0,0,0,Low
1274,218,305,3,10,2024-02-13,2024,2,Feb,Tuesday,1,Product_305,Sports,873.81,414.24,19,Female,Ahmedabad,18-24,0.7,2621.43,262.143,2359.287,1242.72,1116.5669999999998,47.33,10%,0,0,0,0,0,Low
1275,233,319,2,0,2024-10-11,2024,10,Oct,Friday,4,Product_319,Fashion,1090.97,617.34,33,Male,Chennai,25-34,3.0,2181.94,0.0,2181.94,1234.68,947.26,43.41,No Discount,0,0,0,0,0,Low
1276,216,302,2,20,2024-01-12,2024,1,Jan,Friday,1,Product_302,Books,2257.6,1176.55,20,Female,Chennai,18-24,4.4,4515.2,903.04,3612.16,2353.1,1259.06,34.86,20%,0,0,1,0,15,Low
1277,245,310,5,0,2024-04-04,2024,4,Apr,Thursday,2,Product_310,Sports,302.45,145.19,42,Male,Hyderabad,35-44,3.5,1512.25,0.0,1512.25,725.95,786.3,52.0,No Discount,0,0,0,0,0,Low
1278,242,302,4,15,2024-10-28,2024,10,Oct,Monday,4,Product_302,Books,2257.6,1176.55,56,Female,Kolkata,45+,2.0,9030.4,1354.56,7675.84,4706.2,2969.6400000000003,38.69,15%,0,0,0,0,0,Low
1279,244,311,2,0,2024-09-09,2024,9,Sep,Monday,3,Product_311,Books,1957.07,1356.22,21,Female,Ahmedabad,18-24,3.1,3914.14,0.0,3914.14,2712.44,1201.6999999999998,30.7,No Discount,0,0,0,0,0,Low
1280,202,318,1,0,2024-08-29,2024,8,Aug,Thursday,3,Product_318,Books,1447.39,773.39,46,Male,Chennai,45+,2.4,1447.39,0.0,1447.39,773.39,674.0000000000001,46.57,No Discount,0,0,0,0,0,Low
1281,235,315,3,0,2024-02-04,2024,2,Feb,Sunday,1,Product_315,Sports,2578.7,1522.22,64,Male,Mumbai,45+,1.7,7736.099999999999,0.0,7736.099999999999,4566.66,3169.44,40.97,No Discount,0,0,0,0,0,Low
1282,242,309,1,0,2024-08-02,2024,8,Aug,Friday,3,Product_309,Electronics,3344.14,2338.63,56,Female,Kolkata,45+,2.0,3344.14,0.0,3344.14,2338.63,1005.5099999999998,30.07,No Discount,0,0,0,0,0,Low
1283,234,319,3,20,2024-12-02,2024,12,Dec,Monday,4,Product_319,Fashion,1090.97,617.34,32,Female,Kolkata,25-34,0.4,3272.91,654.582,2618.328,1852.02,766.308,29.27,20%,0,0,1,0,15,Low
1284,230,309,3,0,2024-03-30,2024,3,Mar,Saturday,1,Product_309,Electronics,3344.14,2338.63,44,Female,Kolkata,35-44,3.7,10032.42,0.0,10032.42,7015.89,3016.53,30.07,No Discount,0,0,0,0,0,Low
1285,213,303,2,0,2024-09-20,2024,9,Sep,Friday,3,Product_303,Electronics,4451.42,1867.23,53,Female,Mumbai,45+,2.6,8902.84,0.0,8902.84,3734.46,5168.38,58.05,No Discount,0,0,0,0,0,Low
1286,213,309,2,10,2024-04-02,2024,4,Apr,Tuesday,2,Product_309,Electronics,3344.14,2338.63,53,Female,Mumbai,45+,2.6,6688.28,668.828,6019.451999999999,4677.26,1342.191999999999,22.3,10%,0,0,0,0,0,Low
1287,218,314,1,0,2024-03-30,2024,3,Mar,Saturday,1,Product_314,Sports,2810.22,1415.01,19,Female,Ahmedabad,18-24,0.7,2810.22,0.0,2810.22,1415.01,1395.2099999999998,49.65,No Discount,0,0,0,0,0,Low
1288,232,319,3,0,2024-04-24,2024,4,Apr,Wednesday,2,Product_319,Fashion,1090.97,617.34,45,Female,Mumbai,45+,4.4,3272.91,0.0,3272.91,1852.02,1420.89,43.41,No Discount,0,0,0,0,0,Low
1289,232,307,1,0,2024-04-14,2024,4,Apr,Sunday,2,Product_307,Books,4562.09,2799.67,45,Female,Mumbai,45+,4.4,4562.09,0.0,4562.09,2799.67,1762.42,38.63,No Discount,0,0,0,0,0,Low
1290,235,316,4,10,2024-07-14,2024,7,Jul,Sunday,3,Product_316,Books,3554.45,2147.64,64,Male,Mumbai,45+,1.7,14217.8,1421.78,12796.02,8590.56,4205.459999999999,32.87,10%,0,0,0,1,35,Medium
1291,239,316,1,15,2024-11-09,2024,11,Nov,Saturday,4,Product_316,Books,3554.45,2147.64,24,Female,Mumbai,18-24,1.8,3554.45,533.1675,3021.2825,2147.64,873.6424999999999,28.92,15%,0,0,0,0,0,Low
1292,246,301,5,0,2024-04-23,2024,4,Apr,Tuesday,2,Product_301,Books,1326.67,752.79,31,Female,Bengaluru,25-34,0.6,6633.35,0.0,6633.35,3763.95,2869.4000000000005,43.26,No Discount,0,0,0,0,0,Low
1293,229,304,1,0,2024-03-15,2024,3,Mar,Friday,1,Product_304,Home & Kitchen,1824.42,868.74,42,Female,Delhi,35-44,0.2,1824.42,0.0,1824.42,868.74,955.68,52.38,No Discount,0,0,0,0,0,Low
1294,249,304,5,10,2024-08-04,2024,8,Aug,Sunday,3,Product_304,Home & Kitchen,1824.42,868.74,19,Female,Pune,18-24,2.8,9122.1,912.21,8209.89,4343.7,3866.19,47.09,10%,0,0,0,0,0,Low
1295,229,307,5,20,2024-10-03,2024,10,Oct,Thursday,4,Product_307,Books,4562.09,2799.67,42,Female,Delhi,35-44,0.2,22810.45,4562.09,18248.36,13998.35,4250.01,23.29,20%,1,0,1,1,80,High
1296,244,308,5,10,2024-09-05,2024,9,Sep,Thursday,3,Product_308,Electronics,1579.02,701.76,21,Female,Ahmedabad,18-24,3.1,7895.1,789.51,7105.59,3508.8,3596.79,50.62,10%,0,0,0,0,0,Low
1297,216,317,4,0,2024-06-12,2024,6,Jun,Wednesday,2,Product_317,Sports,1566.24,875.97,20,Female,Chennai,18-24,4.4,6264.96,0.0,6264.96,3503.88,2761.08,44.07,No Discount,0,0,0,0,0,Low
1298,244,305,1,10,2024-12-22,2024,12,Dec,Sunday,4,Product_305,Sports,873.81,414.24,21,Female,Ahmedabad,18-24,3.1,873.81,87.38099999999999,786.429,414.24,372.189,47.33,10%,0,0,0,0,0,Low
1299,247,307,1,10,2024-07-10,2024,7,Jul,Wednesday,3,Product_307,Books,4562.09,2799.67,26,Male,Chennai,25-34,2.2,4562.09,456.209,4105.881,2799.67,1306.2110000000002,31.81,10%,0,0,0,0,0,Low
1300,210,320,4,10,2024-08-14,2024,8,Aug,Wednesday,3,Product_320,Books,1328.19,767.44,28,Female,Mumbai,25-34,3.6,5312.76,531.2760000000001,4781.484,3069.76,1711.7240000000002,35.8,10%,0,0,0,0,0,Low
1301,230,320,3,20,2024-06-25,2024,6,Jun,Tuesday,2,Product_320,Books,1328.19,767.44,44,Female,Kolkata,35-44,3.7,3984.57,796.9140000000001,3187.656,2302.32,885.3359999999998,27.77,20%,0,0,1,0,15,Low
1302,225,304,2,0,2024-04-08,2024,4,Apr,Monday,2,Product_304,Home & Kitchen,1824.42,868.74,50,Female,Bengaluru,45+,1.5,3648.84,0.0,3648.84,1737.48,1911.36,52.38,No Discount,0,0,0,0,0,Low
1303,239,306,1,0,2024-02-05,2024,2,Feb,Monday,1,Product_306,Fashion,1974.6,1202.32,24,Female,Mumbai,18-24,1.8,1974.6,0.0,1974.6,1202.32,772.28,39.11,No Discount,0,0,0,0,0,Low
1304,220,307,2,20,2024-04-05,2024,4,Apr,Friday,2,Product_307,Books,4562.09,2799.67,61,Female,Bengaluru,45+,0.9,9124.18,1824.836,7299.344,5599.34,1700.004,23.29,20%,0,0,1,0,15,Low
1305,205,318,4,10,2024-05-31,2024,5,May,Friday,2,Product_318,Books,1447.39,773.39,25,Female,Hyderabad,25-34,0.9,5789.56,578.956,5210.604,3093.56,2117.0440000000003,40.63,10%,0,0,0,0,0,Low
1306,201,305,3,10,2024-05-30,2024,5,May,Thursday,2,Product_305,Sports,873.81,414.24,56,Female,Mumbai,45+,0.7,2621.43,262.143,2359.287,1242.72,1116.5669999999998,47.33,10%,0,0,0,0,0,Low
1307,230,320,3,0,2024-07-08,2024,7,Jul,Monday,3,Product_320,Books,1328.19,767.44,44,Female,Kolkata,35-44,3.7,3984.57,0.0,3984.57,2302.32,1682.25,42.22,No Discount,0,0,0,0,0,Low
1308,249,303,3,0,2024-08-11,2024,8,Aug,Sunday,3,Product_303,Electronics,4451.42,1867.23,19,Female,Pune,18-24,2.8,13354.26,0.0,13354.26,5601.6900000000005,7752.57,58.05,No Discount,0,0,0,1,35,Medium
1309,203,307,4,0,2024-02-06,2024,2,Feb,Tuesday,1,Product_307,Books,4562.09,2799.67,32,Female,Chennai,25-34,0.2,18248.36,0.0,18248.36,11198.68,7049.68,38.63,No Discount,1,0,0,1,65,High
1310,245,314,5,20,2024-09-24,2024,9,Sep,Tuesday,3,Product_314,Sports,2810.22,1415.01,42,Male,Hyderabad,35-44,3.5,14051.1,2810.22,11240.88,7075.05,4165.829999999999,37.06,20%,0,0,1,0,15,Low
1311,214,307,5,0,2024-07-01,2024,7,Jul,Monday,3,Product_307,Books,4562.09,2799.67,57,Female,Ahmedabad,45+,2.8,22810.45,0.0,22810.45,13998.35,8812.1,38.63,No Discount,1,0,0,1,65,High
1312,230,305,2,0,2024-01-13,2024,1,Jan,Saturday,1,Product_305,Sports,873.81,414.24,44,Female,Kolkata,35-44,3.7,1747.62,0.0,1747.62,828.48,919.14,52.59,No Discount,0,0,0,0,0,Low
1313,250,305,5,20,2024-10-05,2024,10,Oct,Saturday,4,Product_305,Sports,873.81,414.24,37,Female,Bengaluru,35-44,2.1,4369.049999999999,873.8099999999998,3495.24,2071.2,1424.0399999999995,40.74,20%,0,0,1,0,15,Low
1314,204,302,5,10,2024-08-04,2024,8,Aug,Sunday,3,Product_302,Books,2257.6,1176.55,60,Male,Chennai,45+,3.3,11288.0,1128.8,10159.2,5882.75,4276.450000000001,42.09,10%,0,0,0,0,0,Low
1315,218,306,3,0,2024-12-20,2024,12,Dec,Friday,4,Product_306,Fashion,1974.6,1202.32,19,Female,Ahmedabad,18-24,0.7,5923.799999999999,0.0,5923.799999999999,3606.96,2316.8399999999992,39.11,No Discount,0,0,0,0,0,Low
1316,237,315,3,0,2024-12-26,2024,12,Dec,Thursday,4,Product_315,Sports,2578.7,1522.22,20,Female,Chennai,18-24,2.1,7736.099999999999,0.0,7736.099999999999,4566.66,3169.44,40.97,No Discount,0,0,0,0,0,Low
1317,225,310,2,15,2024-10-12,2024,10,Oct,Saturday,4,Product_310,Sports,302.45,145.19,50,Female,Bengaluru,45+,1.5,604.9,90.735,514.165,290.38,223.785,43.52,15%,0,0,0,0,0,Low
1318,248,307,1,0,2024-09-29,2024,9,Sep,Sunday,3,Product_307,Books,4562.09,2799.67,43,Male,Ahmedabad,35-44,3.2,4562.09,0.0,4562.09,2799.67,1762.42,38.63,No Discount,0,0,0,0,0,Low
1319,201,305,2,0,2024-03-02,2024,3,Mar,Saturday,1,Product_305,Sports,873.81,414.24,56,Female,Mumbai,45+,0.7,1747.62,0.0,1747.62,828.48,919.14,52.59,No Discount,0,0,0,0,0,Low
1320,246,301,2,0,2024-03-24,2024,3,Mar,Sunday,1,Product_301,Books,1326.67,752.79,31,Female,Bengaluru,25-34,0.6,2653.34,0.0,2653.34,1505.58,1147.7600000000002,43.26,No Discount,0,0,0,0,0,Low
1321,215,313,4,0,2024-08-04,2024,8,Aug,Sunday,3,Product_313,Books,1073.88,440.2,41,Female,Mumbai,35-44,3.9,4295.52,0.0,4295.52,1760.8,2534.7200000000003,59.01,No Discount,0,0,0,0,0,Low
1322,209,318,4,10,2024-12-07,2024,12,Dec,Saturday,4,Product_318,Books,1447.39,773.39,40,Male,Hyderabad,35-44,1.6,5789.56,578.956,5210.604,3093.56,2117.0440000000003,40.63,10%,0,0,0,0,0,Low
1323,215,313,2,0,2024-07-05,2024,7,Jul,Friday,3,Product_313,Books,1073.88,440.2,41,Female,Mumbai,35-44,3.9,2147.76,0.0,2147.76,880.4,1267.36,59.01,No Discount,0,0,0,0,0,Low
1324,249,318,2,20,2024-01-19,2024,1,Jan,Friday,1,Product_318,Books,1447.39,773.39,19,Female,Pune,18-24,2.8,2894.78,578.956,2315.824,1546.78,769.0440000000001,33.21,20%,0,0,1,0,15,Low
1325,224,305,2,10,2024-06-25,2024,6,Jun,Tuesday,2,Product_305,Sports,873.81,414.24,38,Male,Bengaluru,35-44,3.0,1747.62,174.76199999999997,1572.858,828.48,744.3779999999999,47.33,10%,0,0,0,0,0,Low
1326,204,313,5,10,2024-04-09,2024,4,Apr,Tuesday,2,Product_313,Books,1073.88,440.2,60,Male,Chennai,45+,3.3,5369.400000000001,536.94,4832.460000000001,2201.0,2631.460000000001,54.45,10%,0,0,0,0,0,Low
1327,212,304,4,0,2024-08-20,2024,8,Aug,Tuesday,3,Product_304,Home & Kitchen,1824.42,868.74,41,Female,Kolkata,35-44,3.9,7297.68,0.0,7297.68,3474.96,3822.72,52.38,No Discount,0,0,0,0,0,Low
1328,237,317,2,0,2024-03-16,2024,3,Mar,Saturday,1,Product_317,Sports,1566.24,875.97,20,Female,Chennai,18-24,2.1,3132.48,0.0,3132.48,1751.94,1380.54,44.07,No Discount,0,0,0,0,0,Low
1329,237,303,3,5,2024-09-21,2024,9,Sep,Saturday,3,Product_303,Electronics,4451.42,1867.23,20,Female,Chennai,18-24,2.1,13354.26,667.7130000000001,12686.547,5601.6900000000005,7084.857,55.85,5%,0,0,0,0,0,Low
1330,243,317,3,0,2024-10-10,2024,10,Oct,Thursday,4,Product_317,Sports,1566.24,875.97,35,Male,Pune,35-44,3.4,4698.72,0.0,4698.72,2627.91,2070.8100000000004,44.07,No Discount,0,0,0,0,0,Low
1331,206,311,5,15,2024-07-24,2024,7,Jul,Wednesday,3,Product_311,Books,1957.07,1356.22,38,Male,Mumbai,35-44,3.2,9785.35,1467.8025,8317.5475,6781.1,1536.4475000000002,18.47,15%,0,0,0,0,0,Low
1332,239,320,5,5,2024-08-10,2024,8,Aug,Saturday,3,Product_320,Books,1328.19,767.44,24,Female,Mumbai,18-24,1.8,6640.950000000001,332.0475,6308.902500000001,3837.2,2471.702500000001,39.18,5%,0,0,0,0,0,Low
1333,246,304,1,0,2024-02-21,2024,2,Feb,Wednesday,1,Product_304,Home & Kitchen,1824.42,868.74,31,Female,Bengaluru,25-34,0.6,1824.42,0.0,1824.42,868.74,955.68,52.38,No Discount,0,0,0,0,0,Low
1334,224,302,1,0,2024-12-04,2024,12,Dec,Wednesday,4,Product_302,Books,2257.6,1176.55,38,Male,Bengaluru,35-44,3.0,2257.6,0.0,2257.6,1176.55,1081.05,47.88,No Discount,0,0,0,0,0,Low
1335,211,320,1,10,2024-05-23,2024,5,May,Thursday,2,Product_320,Books,1328.19,767.44,28,Male,Mumbai,25-34,2.9,1328.19,132.81900000000002,1195.371,767.44,427.931,35.8,10%,0,0,0,0,0,Low
1336,213,316,5,0,2024-03-09,2024,3,Mar,Saturday,1,Product_316,Books,3554.45,2147.64,53,Female,Mumbai,45+,2.6,17772.25,0.0,17772.25,10738.2,7034.050000000001,39.58,No Discount,1,0,0,1,65,High
1337,234,318,5,15,2024-04-08,2024,4,Apr,Monday,2,Product_318,Books,1447.39,773.39,32,Female,Kolkata,25-34,0.4,7236.950000000001,1085.5425000000002,6151.4075,3866.95,2284.4575000000004,37.14,15%,0,0,0,0,0,Low
1338,225,308,5,0,2024-01-25,2024,1,Jan,Thursday,1,Product_308,Electronics,1579.02,701.76,50,Female,Bengaluru,45+,1.5,7895.1,0.0,7895.1,3508.8,4386.3,55.56,No Discount,0,0,0,0,0,Low
1339,207,303,3,0,2024-02-22,2024,2,Feb,Thursday,1,Product_303,Electronics,4451.42,1867.23,56,Female,Hyderabad,45+,0.1,13354.26,0.0,13354.26,5601.6900000000005,7752.57,58.05,No Discount,0,0,0,1,35,Medium
1340,204,309,5,5,2024-05-30,2024,5,May,Thursday,2,Product_309,Electronics,3344.14,2338.63,60,Male,Chennai,45+,3.3,16720.7,836.035,15884.665,11693.15,4191.514999999999,26.39,5%,1,0,0,1,65,High
1341,208,320,3,0,2024-05-23,2024,5,May,Thursday,2,Product_320,Books,1328.19,767.44,36,Male,Kolkata,35-44,2.2,3984.57,0.0,3984.57,2302.32,1682.25,42.22,No Discount,0,0,0,0,0,Low
1342,220,306,1,15,2024-02-26,2024,2,Feb,Monday,1,Product_306,Fashion,1974.6,1202.32,61,Female,Bengaluru,45+,0.9,1974.6,296.19,1678.41,1202.32,476.0899999999999,28.37,15%,0,0,0,0,0,Low
1343,229,310,1,0,2024-02-08,2024,2,Feb,Thursday,1,Product_310,Sports,302.45,145.19,42,Female,Delhi,35-44,0.2,302.45,0.0,302.45,145.19,157.26,52.0,No Discount,0,0,0,0,0,Low
1344,245,310,1,20,2024-04-18,2024,4,Apr,Thursday,2,Product_310,Sports,302.45,145.19,42,Male,Hyderabad,35-44,3.5,302.45,60.49,241.96,145.19,96.76999999999998,39.99,20%,0,0,1,0,15,Low
1345,246,313,2,15,2024-06-29,2024,6,Jun,Saturday,2,Product_313,Books,1073.88,440.2,31,Female,Bengaluru,25-34,0.6,2147.76,322.164,1825.596,880.4,945.1960000000004,51.77,15%,0,0,0,0,0,Low
1346,210,317,2,10,2024-02-11,2024,2,Feb,Sunday,1,Product_317,Sports,1566.24,875.97,28,Female,Mumbai,25-34,3.6,3132.48,313.248,2819.232,1751.94,1067.292,37.86,10%,0,0,0,0,0,Low
1347,243,309,4,0,2024-07-04,2024,7,Jul,Thursday,3,Product_309,Electronics,3344.14,2338.63,35,Male,Pune,35-44,3.4,13376.56,0.0,13376.56,9354.52,4022.039999999999,30.07,No Discount,0,0,0,1,35,Medium
1348,234,317,4,0,2024-08-10,2024,8,Aug,Saturday,3,Product_317,Sports,1566.24,875.97,32,Female,Kolkata,25-34,0.4,6264.96,0.0,6264.96,3503.88,2761.08,44.07,No Discount,0,0,0,0,0,Low
1349,226,309,4,0,2024-05-01,2024,5,May,Wednesday,2,Product_309,Electronics,3344.14,2338.63,29,Female,Mumbai,25-34,3.5,13376.56,0.0,13376.56,9354.52,4022.039999999999,30.07,No Discount,0,0,0,1,35,Medium
1350,241,309,2,0,2024-05-12,2024,5,May,Sunday,2,Product_309,Electronics,3344.14,2338.63,26,Female,Kolkata,25-34,1.5,6688.28,0.0,6688.28,4677.26,2011.0199999999995,30.07,No Discount,0,0,0,0,0,Low
1351,249,301,2,10,2024-06-11,2024,6,Jun,Tuesday,2,Product_301,Books,1326.67,752.79,19,Female,Pune,18-24,2.8,2653.34,265.334,2388.0060000000003,1505.58,882.4260000000004,36.95,10%,0,0,0,0,0,Low
1352,203,302,4,20,2024-08-02,2024,8,Aug,Friday,3,Product_302,Books,2257.6,1176.55,32,Female,Chennai,25-34,0.2,9030.4,1806.08,7224.32,4706.2,2518.12,34.86,20%,0,0,1,0,15,Low
1353,206,316,4,0,2024-08-08,2024,8,Aug,Thursday,3,Product_316,Books,3554.45,2147.64,38,Male,Mumbai,35-44,3.2,14217.8,0.0,14217.8,8590.56,5627.24,39.58,No Discount,0,0,0,1,35,Medium
1354,205,301,5,0,2024-08-22,2024,8,Aug,Thursday,3,Product_301,Books,1326.67,752.79,25,Female,Hyderabad,25-34,0.9,6633.35,0.0,6633.35,3763.95,2869.4000000000005,43.26,No Discount,0,0,0,0,0,Low
1355,205,310,4,10,2024-11-26,2024,11,Nov,Tuesday,4,Product_310,Sports,302.45,145.19,25,Female,Hyderabad,25-34,0.9,1209.8,120.98,1088.82,580.76,508.06,46.66,10%,0,0,0,0,0,Low
1356,247,318,5,15,2024-05-25,2024,5,May,Saturday,2,Product_318,Books,1447.39,773.39,26,Male,Chennai,25-34,2.2,7236.950000000001,1085.5425000000002,6151.4075,3866.95,2284.4575000000004,37.14,15%,0,0,0,0,0,Low
1357,223,308,3,15,2024-08-26,2024,8,Aug,Monday,3,Product_308,Electronics,1579.02,701.76,19,Male,Ahmedabad,18-24,2.6,4737.06,710.559,4026.5009999999993,2105.28,1921.2209999999995,47.71,15%,0,0,0,0,0,Low
1358,249,311,2,0,2024-03-16,2024,3,Mar,Saturday,1,Product_311,Books,1957.07,1356.22,19,Female,Pune,18-24,2.8,3914.14,0.0,3914.14,2712.44,1201.6999999999998,30.7,No Discount,0,0,0,0,0,Low
1359,209,302,4,0,2024-01-09,2024,1,Jan,Tuesday,1,Product_302,Books,2257.6,1176.55,40,Male,Hyderabad,35-44,1.6,9030.4,0.0,9030.4,4706.2,4324.2,47.88,No Discount,0,0,0,0,0,Low
1360,235,308,2,0,2024-03-14,2024,3,Mar,Thursday,1,Product_308,Electronics,1579.02,701.76,64,Male,Mumbai,45+,1.7,3158.04,0.0,3158.04,1403.52,1754.52,55.56,No Discount,0,0,0,0,0,Low
1361,220,308,2,0,2024-09-09,2024,9,Sep,Monday,3,Product_308,Electronics,1579.02,701.76,61,Female,Bengaluru,45+,0.9,3158.04,0.0,3158.04,1403.52,1754.52,55.56,No Discount,0,0,0,0,0,Low
1362,249,317,2,15,2024-08-17,2024,8,Aug,Saturday,3,Product_317,Sports,1566.24,875.97,19,Female,Pune,18-24,2.8,3132.48,469.872,2662.608,1751.94,910.668,34.2,15%,0,0,0,0,0,Low
1363,242,315,3,15,2024-01-07,2024,1,Jan,Sunday,1,Product_315,Sports,2578.7,1522.22,56,Female,Kolkata,45+,2.0,7736.099999999999,1160.415,6575.685,4566.66,2009.025,30.55,15%,0,0,0,0,0,Low
1364,235,317,1,5,2024-06-22,2024,6,Jun,Saturday,2,Product_317,Sports,1566.24,875.97,64,Male,Mumbai,45+,1.7,1566.24,78.312,1487.928,875.97,611.9580000000001,41.13,5%,0,0,0,0,0,Low
1365,250,313,4,20,2024-05-20,2024,5,May,Monday,2,Product_313,Books,1073.88,440.2,37,Female,Bengaluru,35-44,2.1,4295.52,859.104,3436.416,1760.8,1675.6160000000002,48.76,20%,0,0,1,0,15,Low
1366,218,319,1,0,2024-06-16,2024,6,Jun,Sunday,2,Product_319,Fashion,1090.97,617.34,19,Female,Ahmedabad,18-24,0.7,1090.97,0.0,1090.97,617.34,473.63,43.41,No Discount,0,0,0,0,0,Low
1367,217,305,1,5,2024-06-18,2024,6,Jun,Tuesday,2,Product_305,Sports,873.81,414.24,39,Female,Ahmedabad,35-44,2.2,873.81,43.69049999999999,830.1194999999999,414.24,415.8794999999999,50.1,5%,0,0,0,0,0,Low
1368,224,312,1,20,2024-10-09,2024,10,Oct,Wednesday,4,Product_312,Home & Kitchen,1732.47,906.62,38,Male,Bengaluru,35-44,3.0,1732.47,346.494,1385.976,906.62,479.3560000000001,34.59,20%,0,0,1,0,15,Low
1369,203,301,2,5,2024-05-01,2024,5,May,Wednesday,2,Product_301,Books,1326.67,752.79,32,Female,Chennai,25-34,0.2,2653.34,132.667,2520.673,1505.58,1015.0930000000004,40.27,5%,0,0,0,0,0,Low
1370,232,305,5,5,2024-07-12,2024,7,Jul,Friday,3,Product_305,Sports,873.81,414.24,45,Female,Mumbai,45+,4.4,4369.049999999999,218.4525,4150.597499999999,2071.2,2079.397499999999,50.1,5%,0,0,0,0,0,Low
1371,235,308,2,0,2024-01-05,2024,1,Jan,Friday,1,Product_308,Electronics,1579.02,701.76,64,Male,Mumbai,45+,1.7,3158.04,0.0,3158.04,1403.52,1754.52,55.56,No Discount,0,0,0,0,0,Low
1372,238,313,2,0,2024-01-29,2024,1,Jan,Monday,1,Product_313,Books,1073.88,440.2,54,Male,Delhi,45+,3.6,2147.76,0.0,2147.76,880.4,1267.36,59.01,No Discount,0,0,0,0,0,Low
1373,213,308,1,10,2024-06-13,2024,6,Jun,Thursday,2,Product_308,Electronics,1579.02,701.76,53,Female,Mumbai,45+,2.6,1579.02,157.90200000000002,1421.118,701.76,719.358,50.62,10%,0,0,0,0,0,Low
1374,247,311,2,0,2024-12-04,2024,12,Dec,Wednesday,4,Product_311,Books,1957.07,1356.22,26,Male,Chennai,25-34,2.2,3914.14,0.0,3914.14,2712.44,1201.6999999999998,30.7,No Discount,0,0,0,0,0,Low
1375,225,301,1,0,2024-05-15,2024,5,May,Wednesday,2,Product_301,Books,1326.67,752.79,50,Female,Bengaluru,45+,1.5,1326.67,0.0,1326.67,752.79,573.8800000000001,43.26,No Discount,0,0,0,0,0,Low
1376,209,313,5,10,2024-12-30,2024,12,Dec,Monday,4,Product_313,Books,1073.88,440.2,40,Male,Hyderabad,35-44,1.6,5369.400000000001,536.94,4832.460000000001,2201.0,2631.460000000001,54.45,10%,0,0,0,0,0,Low
1377,204,319,4,10,2024-11-16,2024,11,Nov,Saturday,4,Product_319,Fashion,1090.97,617.34,60,Male,Chennai,45+,3.3,4363.88,436.388,3927.492,2469.36,1458.132,37.13,10%,0,0,0,0,0,Low
1378,214,303,1,15,2024-12-07,2024,12,Dec,Saturday,4,Product_303,Electronics,4451.42,1867.23,57,Female,Ahmedabad,45+,2.8,4451.42,667.7130000000001,3783.707,1867.23,1916.477,50.65,15%,0,0,0,0,0,Low
1379,237,317,5,20,2024-05-24,2024,5,May,Friday,2,Product_317,Sports,1566.24,875.97,20,Female,Chennai,18-24,2.1,7831.2,1566.24,6264.96,4379.85,1885.11,30.09,20%,0,0,1,0,15,Low
1380,234,305,4,5,2024-11-22,2024,11,Nov,Friday,4,Product_305,Sports,873.81,414.24,32,Female,Kolkata,25-34,0.4,3495.24,174.76199999999997,3320.478,1656.96,1663.5179999999996,50.1,5%,0,0,0,0,0,Low
1381,211,320,3,10,2024-08-04,2024,8,Aug,Sunday,3,Product_320,Books,1328.19,767.44,28,Male,Mumbai,25-34,2.9,3984.57,398.4570000000001,3586.1130000000003,2302.32,1283.793,35.8,10%,0,0,0,0,0,Low
1382,241,308,1,0,2024-10-27,2024,10,Oct,Sunday,4,Product_308,Electronics,1579.02,701.76,26,Female,Kolkata,25-34,1.5,1579.02,0.0,1579.02,701.76,877.26,55.56,No Discount,0,0,0,0,0,Low
1383,203,314,1,0,2024-05-11,2024,5,May,Saturday,2,Product_314,Sports,2810.22,1415.01,32,Female,Chennai,25-34,0.2,2810.22,0.0,2810.22,1415.01,1395.2099999999998,49.65,No Discount,0,0,0,0,0,Low
1384,228,304,3,10,2024-10-18,2024,10,Oct,Friday,4,Product_304,Home & Kitchen,1824.42,868.74,61,Female,Hyderabad,45+,4.7,5473.26,547.326,4925.934,2606.2200000000003,2319.714,47.09,10%,0,0,0,0,0,Low
1385,229,311,3,0,2024-03-10,2024,3,Mar,Sunday,1,Product_311,Books,1957.07,1356.22,42,Female,Delhi,35-44,0.2,5871.21,0.0,5871.21,4068.66,1802.55,30.7,No Discount,0,0,0,0,0,Low
1386,209,320,1,0,2024-09-08,2024,9,Sep,Sunday,3,Product_320,Books,1328.19,767.44,40,Male,Hyderabad,35-44,1.6,1328.19,0.0,1328.19,767.44,560.75,42.22,No Discount,0,0,0,0,0,Low
1387,203,315,3,0,2024-10-01,2024,10,Oct,Tuesday,4,Product_315,Sports,2578.7,1522.22,32,Female,Chennai,25-34,0.2,7736.099999999999,0.0,7736.099999999999,4566.66,3169.44,40.97,No Discount,0,0,0,0,0,Low
1388,225,319,2,15,2024-12-29,2024,12,Dec,Sunday,4,Product_319,Fashion,1090.97,617.34,50,Female,Bengaluru,45+,1.5,2181.94,327.291,1854.649,1234.68,619.969,33.43,15%,0,0,0,0,0,Low
1389,234,307,4,15,2024-06-30,2024,6,Jun,Sunday,2,Product_307,Books,4562.09,2799.67,32,Female,Kolkata,25-34,0.4,18248.36,2737.2540000000004,15511.106,11198.68,4312.426,27.8,15%,1,0,0,1,65,High
1390,212,319,4,0,2024-06-15,2024,6,Jun,Saturday,2,Product_319,Fashion,1090.97,617.34,41,Female,Kolkata,35-44,3.9,4363.88,0.0,4363.88,2469.36,1894.52,43.41,No Discount,0,0,0,0,0,Low
1391,242,319,4,20,2024-03-31,2024,3,Mar,Sunday,1,Product_319,Fashion,1090.97,617.34,56,Female,Kolkata,45+,2.0,4363.88,872.7760000000001,3491.1040000000003,2469.36,1021.744,29.27,20%,0,0,1,0,15,Low
1392,209,311,2,15,2024-07-20,2024,7,Jul,Saturday,3,Product_311,Books,1957.07,1356.22,40,Male,Hyderabad,35-44,1.6,3914.14,587.121,3327.019,2712.44,614.5789999999997,18.47,15%,0,0,0,0,0,Low
1393,215,305,3,5,2024-12-11,2024,12,Dec,Wednesday,4,Product_305,Sports,873.81,414.24,41,Female,Mumbai,35-44,3.9,2621.43,131.0715,2490.3585,1242.72,1247.6384999999998,50.1,5%,0,0,0,0,0,Low
1394,240,305,5,0,2024-01-19,2024,1,Jan,Friday,1,Product_305,Sports,873.81,414.24,38,Male,Ahmedabad,35-44,0.3,4369.049999999999,0.0,4369.049999999999,2071.2,2297.8499999999995,52.59,No Discount,0,0,0,0,0,Low
1395,225,308,3,5,2024-02-08,2024,2,Feb,Thursday,1,Product_308,Electronics,1579.02,701.76,50,Female,Bengaluru,45+,1.5,4737.06,236.85299999999995,4500.206999999999,2105.28,2394.927,53.22,5%,0,0,0,0,0,Low
1396,205,310,1,5,2024-05-05,2024,5,May,Sunday,2,Product_310,Sports,302.45,145.19,25,Female,Hyderabad,25-34,0.9,302.45,15.1225,287.3275,145.19,142.1375,49.47,5%,0,0,0,0,0,Low
1397,211,306,4,0,2024-06-21,2024,6,Jun,Friday,2,Product_306,Fashion,1974.6,1202.32,28,Male,Mumbai,25-34,2.9,7898.4,0.0,7898.4,4809.28,3089.12,39.11,No Discount,0,0,0,0,0,Low
1398,234,315,3,0,2024-05-20,2024,5,May,Monday,2,Product_315,Sports,2578.7,1522.22,32,Female,Kolkata,25-34,0.4,7736.099999999999,0.0,7736.099999999999,4566.66,3169.44,40.97,No Discount,0,0,0,0,0,Low
1399,224,316,5,20,2024-08-29,2024,8,Aug,Thursday,3,Product_316,Books,3554.45,2147.64,38,Male,Bengaluru,35-44,3.0,17772.25,3554.45,14217.8,10738.2,3479.6000000000004,24.47,20%,0,0,1,1,50,Medium
1400,215,317,1,0,2024-08-07,2024,8,Aug,Wednesday,3,Product_317,Sports,1566.24,875.97,41,Female,Mumbai,35-44,3.9,1566.24,0.0,1566.24,875.97,690.27,44.07,No Discount,0,0,0,0,0,Low
1401,238,308,2,0,2024-05-05,2024,5,May,Sunday,2,Product_308,Electronics,1579.02,701.76,54,Male,Delhi,45+,3.6,3158.04,0.0,3158.04,1403.52,1754.52,55.56,No Discount,0,0,0,0,0,Low
1402,208,308,2,15,2024-02-27,2024,2,Feb,Tuesday,1,Product_308,Electronics,1579.02,701.76,36,Male,Kolkata,35-44,2.2,3158.04,473.706,2684.334,1403.52,1280.814,47.71,15%,0,0,0,0,0,Low
1403,205,309,5,0,2024-05-27,2024,5,May,Monday,2,Product_309,Electronics,3344.14,2338.63,25,Female,Hyderabad,25-34,0.9,16720.7,0.0,16720.7,11693.15,5027.549999999999,30.07,No Discount,1,0,0,1,65,High
1404,248,302,1,0,2024-11-12,2024,11,Nov,Tuesday,4,Product_302,Books,2257.6,1176.55,43,Male,Ahmedabad,35-44,3.2,2257.6,0.0,2257.6,1176.55,1081.05,47.88,No Discount,0,0,0,0,0,Low
1405,226,315,4,15,2024-12-26,2024,12,Dec,Thursday,4,Product_315,Sports,2578.7,1522.22,29,Female,Mumbai,25-34,3.5,10314.8,1547.22,8767.58,6088.88,2678.7,30.55,15%,0,0,0,0,0,Low
1406,218,318,3,0,2024-01-01,2024,1,Jan,Monday,1,Product_318,Books,1447.39,773.39,19,Female,Ahmedabad,18-24,0.7,4342.17,0.0,4342.17,2320.17,2022.0,46.57,No Discount,0,0,0,0,0,Low
1407,206,303,1,0,2024-12-13,2024,12,Dec,Friday,4,Product_303,Electronics,4451.42,1867.23,38,Male,Mumbai,35-44,3.2,4451.42,0.0,4451.42,1867.23,2584.19,58.05,No Discount,0,0,0,0,0,Low
1408,237,317,2,5,2024-07-08,2024,7,Jul,Monday,3,Product_317,Sports,1566.24,875.97,20,Female,Chennai,18-24,2.1,3132.48,156.624,2975.856,1751.94,1223.9160000000002,41.13,5%,0,0,0,0,0,Low
1409,248,304,5,20,2024-07-09,2024,7,Jul,Tuesday,3,Product_304,Home & Kitchen,1824.42,868.74,43,Male,Ahmedabad,35-44,3.2,9122.1,1824.42,7297.68,4343.7,2953.9800000000005,40.48,20%,0,0,1,0,15,Low
1410,213,304,5,5,2024-11-07,2024,11,Nov,Thursday,4,Product_304,Home & Kitchen,1824.42,868.74,53,Female,Mumbai,45+,2.6,9122.1,456.105,8665.995,4343.7,4322.295000000001,49.88,5%,0,0,0,0,0,Low
1411,228,314,3,0,2024-04-26,2024,4,Apr,Friday,2,Product_314,Sports,2810.22,1415.01,61,Female,Hyderabad,45+,4.7,8430.66,0.0,8430.66,4245.03,4185.63,49.65,No Discount,0,0,0,0,0,Low
1412,205,309,5,10,2024-05-13,2024,5,May,Monday,2,Product_309,Electronics,3344.14,2338.63,25,Female,Hyderabad,25-34,0.9,16720.7,1672.07,15048.63,11693.15,3355.48,22.3,10%,0,0,0,1,35,Medium
1413,213,309,5,20,2024-02-27,2024,2,Feb,Tuesday,1,Product_309,Electronics,3344.14,2338.63,53,Female,Mumbai,45+,2.6,16720.7,3344.14,13376.56,11693.15,1683.41,12.58,20%,0,0,1,1,50,Medium
1414,217,318,1,0,2024-02-13,2024,2,Feb,Tuesday,1,Product_318,Books,1447.39,773.39,39,Female,Ahmedabad,35-44,2.2,1447.39,0.0,1447.39,773.39,674.0000000000001,46.57,No Discount,0,0,0,0,0,Low
1415,250,310,4,5,2024-06-21,2024,6,Jun,Friday,2,Product_310,Sports,302.45,145.19,37,Female,Bengaluru,35-44,2.1,1209.8,60.49,1149.31,580.76,568.55,49.47,5%,0,0,0,0,0,Low
1416,240,304,3,0,2024-06-08,2024,6,Jun,Saturday,2,Product_304,Home & Kitchen,1824.42,868.74,38,Male,Ahmedabad,35-44,0.3,5473.26,0.0,5473.26,2606.2200000000003,2867.04,52.38,No Discount,0,0,0,0,0,Low
1417,245,312,1,0,2024-06-21,2024,6,Jun,Friday,2,Product_312,Home & Kitchen,1732.47,906.62,42,Male,Hyderabad,35-44,3.5,1732.47,0.0,1732.47,906.62,825.85,47.67,No Discount,0,0,0,0,0,Low
1418,232,308,4,0,2024-11-12,2024,11,Nov,Tuesday,4,Product_308,Electronics,1579.02,701.76,45,Female,Mumbai,45+,4.4,6316.08,0.0,6316.08,2807.04,3509.04,55.56,No Discount,0,0,0,0,0,Low
1419,229,302,1,10,2024-10-29,2024,10,Oct,Tuesday,4,Product_302,Books,2257.6,1176.55,42,Female,Delhi,35-44,0.2,2257.6,225.76,2031.84,1176.55,855.29,42.09,10%,0,0,0,0,0,Low
1420,203,313,1,10,2024-05-28,2024,5,May,Tuesday,2,Product_313,Books,1073.88,440.2,32,Female,Chennai,25-34,0.2,1073.88,107.388,966.492,440.2,526.2920000000001,54.45,10%,0,0,0,0,0,Low
1421,240,316,5,15,2024-03-20,2024,3,Mar,Wednesday,1,Product_316,Books,3554.45,2147.64,38,Male,Ahmedabad,35-44,0.3,17772.25,2665.8375,15106.4125,10738.2,4368.2125000000015,28.92,15%,0,0,0,1,35,Medium
1422,234,302,4,20,2024-07-31,2024,7,Jul,Wednesday,3,Product_302,Books,2257.6,1176.55,32,Female,Kolkata,25-34,0.4,9030.4,1806.08,7224.32,4706.2,2518.12,34.86,20%,0,0,1,0,15,Low
1423,240,311,3,0,2024-07-21,2024,7,Jul,Sunday,3,Product_311,Books,1957.07,1356.22,38,Male,Ahmedabad,35-44,0.3,5871.21,0.0,5871.21,4068.66,1802.55,30.7,No Discount,0,0,0,0,0,Low
1424,227,310,3,5,2024-09-08,2024,9,Sep,Sunday,3,Product_310,Sports,302.45,145.19,39,Female,Bengaluru,35-44,2.2,907.35,45.3675,861.9825,435.57,426.4125,49.47,5%,0,0,0,0,0,Low
1425,213,315,4,0,2024-08-16,2024,8,Aug,Friday,3,Product_315,Sports,2578.7,1522.22,53,Female,Mumbai,45+,2.6,10314.8,0.0,10314.8,6088.88,4225.919999999999,40.97,No Discount,0,0,0,0,0,Low
1426,245,317,5,0,2024-06-12,2024,6,Jun,Wednesday,2,Product_317,Sports,1566.24,875.97,42,Male,Hyderabad,35-44,3.5,7831.2,0.0,7831.2,4379.85,3451.3499999999995,44.07,No Discount,0,0,0,0,0,Low
1427,233,308,2,10,2024-08-14,2024,8,Aug,Wednesday,3,Product_308,Electronics,1579.02,701.76,33,Male,Chennai,25-34,3.0,3158.04,315.80400000000003,2842.236,1403.52,1438.716,50.62,10%,0,0,0,0,0,Low
1428,206,318,1,0,2024-05-26,2024,5,May,Sunday,2,Product_318,Books,1447.39,773.39,38,Male,Mumbai,35-44,3.2,1447.39,0.0,1447.39,773.39,674.0000000000001,46.57,No Discount,0,0,0,0,0,Low
1429,224,309,5,5,2024-01-20,2024,1,Jan,Saturday,1,Product_309,Electronics,3344.14,2338.63,38,Male,Bengaluru,35-44,3.0,16720.7,836.035,15884.665,11693.15,4191.514999999999,26.39,5%,1,0,0,1,65,High
1430,219,308,4,10,2024-02-16,2024,2,Feb,Friday,1,Product_308,Electronics,1579.02,701.76,41,Female,Kolkata,35-44,2.6,6316.08,631.6080000000001,5684.472,2807.04,2877.432,50.62,10%,0,0,0,0,0,Low
1431,216,314,1,0,2024-08-20,2024,8,Aug,Tuesday,3,Product_314,Sports,2810.22,1415.01,20,Female,Chennai,18-24,4.4,2810.22,0.0,2810.22,1415.01,1395.2099999999998,49.65,No Discount,0,0,0,0,0,Low
1432,240,318,3,20,2024-10-31,2024,10,Oct,Thursday,4,Product_318,Books,1447.39,773.39,38,Male,Ahmedabad,35-44,0.3,4342.17,868.434,3473.736,2320.17,1153.5659999999998,33.21,20%,0,0,1,0,15,Low
1433,228,320,2,5,2024-01-14,2024,1,Jan,Sunday,1,Product_320,Books,1328.19,767.44,61,Female,Hyderabad,45+,4.7,2656.38,132.81900000000002,2523.561,1534.88,988.681,39.18,5%,0,0,0,0,0,Low
1434,233,320,3,0,2024-05-22,2024,5,May,Wednesday,2,Product_320,Books,1328.19,767.44,33,Male,Chennai,25-34,3.0,3984.57,0.0,3984.57,2302.32,1682.25,42.22,No Discount,0,0,0,0,0,Low
1435,248,312,4,20,2024-01-01,2024,1,Jan,Monday,1,Product_312,Home & Kitchen,1732.47,906.62,43,Male,Ahmedabad,35-44,3.2,6929.88,1385.976,5543.904,3626.48,1917.4240000000004,34.59,20%,0,0,1,0,15,Low
1436,241,319,1,5,2024-02-23,2024,2,Feb,Friday,1,Product_319,Fashion,1090.97,617.34,26,Female,Kolkata,25-34,1.5,1090.97,54.5485,1036.4215,617.34,419.0814999999999,40.44,5%,0,0,0,0,0,Low
1437,213,314,4,15,2024-09-15,2024,9,Sep,Sunday,3,Product_314,Sports,2810.22,1415.01,53,Female,Mumbai,45+,2.6,11240.88,1686.1319999999998,9554.748,5660.04,3894.708,40.76,15%,0,0,0,0,0,Low
1438,243,317,1,10,2024-05-23,2024,5,May,Thursday,2,Product_317,Sports,1566.24,875.97,35,Male,Pune,35-44,3.4,1566.24,156.624,1409.616,875.97,533.646,37.86,10%,0,0,0,0,0,Low
1439,245,303,5,0,2024-01-12,2024,1,Jan,Friday,1,Product_303,Electronics,4451.42,1867.23,42,Male,Hyderabad,35-44,3.5,22257.1,0.0,22257.1,9336.15,12920.95,58.05,No Discount,1,0,0,1,65,High
1440,225,307,2,0,2024-11-25,2024,11,Nov,Monday,4,Product_307,Books,4562.09,2799.67,50,Female,Bengaluru,45+,1.5,9124.18,0.0,9124.18,5599.34,3524.84,38.63,No Discount,0,0,0,0,0,Low
1441,242,317,5,20,2024-08-11,2024,8,Aug,Sunday,3,Product_317,Sports,1566.24,875.97,56,Female,Kolkata,45+,2.0,7831.2,1566.24,6264.96,4379.85,1885.11,30.09,20%,0,0,1,0,15,Low
1442,236,312,5,20,2024-09-28,2024,9,Sep,Saturday,3,Product_312,Home & Kitchen,1732.47,906.62,61,Female,Ahmedabad,45+,3.5,8662.35,1732.47,6929.88,4533.1,2396.78,34.59,20%,0,0,1,0,15,Low
1443,227,309,4,0,2024-12-23,2024,12,Dec,Monday,4,Product_309,Electronics,3344.14,2338.63,39,Female,Bengaluru,35-44,2.2,13376.56,0.0,13376.56,9354.52,4022.039999999999,30.07,No Discount,0,0,0,1,35,Medium
1444,238,315,2,10,2024-06-04,2024,6,Jun,Tuesday,2,Product_315,Sports,2578.7,1522.22,54,Male,Delhi,45+,3.6,5157.4,515.74,4641.66,3044.44,1597.2199999999998,34.41,10%,0,0,0,0,0,Low
1445,207,318,1,0,2024-01-08,2024,1,Jan,Monday,1,Product_318,Books,1447.39,773.39,56,Female,Hyderabad,45+,0.1,1447.39,0.0,1447.39,773.39,674.0000000000001,46.57,No Discount,0,0,0,0,0,Low
1446,205,313,1,5,2024-05-01,2024,5,May,Wednesday,2,Product_313,Books,1073.88,440.2,25,Female,Hyderabad,25-34,0.9,1073.88,53.694,1020.186,440.2,579.9860000000001,56.85,5%,0,0,0,0,0,Low
1447,243,308,3,0,2024-12-13,2024,12,Dec,Friday,4,Product_308,Electronics,1579.02,701.76,35,Male,Pune,35-44,3.4,4737.06,0.0,4737.06,2105.28,2631.78,55.56,No Discount,0,0,0,0,0,Low
1448,245,314,1,10,2024-06-12,2024,6,Jun,Wednesday,2,Product_314,Sports,2810.22,1415.01,42,Male,Hyderabad,35-44,3.5,2810.22,281.022,2529.198,1415.01,1114.188,44.05,10%,0,0,0,0,0,Low
1449,231,308,4,10,2024-03-30,2024,3,Mar,Saturday,1,Product_308,Electronics,1579.02,701.76,59,Female,Delhi,45+,1.1,6316.08,631.6080000000001,5684.472,2807.04,2877.432,50.62,10%,0,0,0,0,0,Low
1450,223,314,5,15,2024-05-15,2024,5,May,Wednesday,2,Product_314,Sports,2810.22,1415.01,19,Male,Ahmedabad,18-24,2.6,14051.1,2107.6649999999995,11943.435,7075.05,4868.384999999999,40.76,15%,0,0,0,1,35,Medium
1451,242,307,5,15,2024-07-04,2024,7,Jul,Thursday,3,Product_307,Books,4562.09,2799.67,56,Female,Kolkata,45+,2.0,22810.45,3421.5675,19388.8825,13998.35,5390.532499999999,27.8,15%,1,0,0,1,65,High
1452,210,312,5,0,2024-11-11,2024,11,Nov,Monday,4,Product_312,Home & Kitchen,1732.47,906.62,28,Female,Mumbai,25-34,3.6,8662.35,0.0,8662.35,4533.1,4129.25,47.67,No Discount,0,0,0,0,0,Low
1453,232,311,2,5,2024-06-26,2024,6,Jun,Wednesday,2,Product_311,Books,1957.07,1356.22,45,Female,Mumbai,45+,4.4,3914.14,195.707,3718.433,2712.44,1005.993,27.05,5%,0,0,0,0,0,Low
1454,243,311,1,0,2024-01-28,2024,1,Jan,Sunday,1,Product_311,Books,1957.07,1356.22,35,Male,Pune,35-44,3.4,1957.07,0.0,1957.07,1356.22,600.8499999999999,30.7,No Discount,0,0,0,0,0,Low
1455,230,313,4,10,2024-08-07,2024,8,Aug,Wednesday,3,Product_313,Books,1073.88,440.2,44,Female,Kolkata,35-44,3.7,4295.52,429.552,3865.968,1760.8,2105.1680000000006,54.45,10%,0,0,0,0,0,Low
1456,239,318,2,10,2024-12-22,2024,12,Dec,Sunday,4,Product_318,Books,1447.39,773.39,24,Female,Mumbai,18-24,1.8,2894.78,289.478,2605.302,1546.78,1058.5220000000002,40.63,10%,0,0,0,0,0,Low
1457,231,302,3,0,2024-02-10,2024,2,Feb,Saturday,1,Product_302,Books,2257.6,1176.55,59,Female,Delhi,45+,1.1,6772.799999999999,0.0,6772.799999999999,3529.65,3243.15,47.88,No Discount,0,0,0,0,0,Low
1458,218,315,4,15,2024-08-15,2024,8,Aug,Thursday,3,Product_315,Sports,2578.7,1522.22,19,Female,Ahmedabad,18-24,0.7,10314.8,1547.22,8767.58,6088.88,2678.7,30.55,15%,0,0,0,0,0,Low
1459,236,320,4,0,2024-07-10,2024,7,Jul,Wednesday,3,Product_320,Books,1328.19,767.44,61,Female,Ahmedabad,45+,3.5,5312.76,0.0,5312.76,3069.76,2243.0,42.22,No Discount,0,0,0,0,0,Low
1460,202,318,4,0,2024-05-24,2024,5,May,Friday,2,Product_318,Books,1447.39,773.39,46,Male,Chennai,45+,2.4,5789.56,0.0,5789.56,3093.56,2696.0000000000005,46.57,No Discount,0,0,0,0,0,Low
1461,214,315,5,10,2024-07-19,2024,7,Jul,Friday,3,Product_315,Sports,2578.7,1522.22,57,Female,Ahmedabad,45+,2.8,12893.5,1289.35,11604.15,7611.1,3993.0499999999993,34.41,10%,0,0,0,0,0,Low
1462,213,319,4,0,2024-07-30,2024,7,Jul,Tuesday,3,Product_319,Fashion,1090.97,617.34,53,Female,Mumbai,45+,2.6,4363.88,0.0,4363.88,2469.36,1894.52,43.41,No Discount,0,0,0,0,0,Low
1463,229,312,1,0,2024-08-07,2024,8,Aug,Wednesday,3,Product_312,Home & Kitchen,1732.47,906.62,42,Female,Delhi,35-44,0.2,1732.47,0.0,1732.47,906.62,825.85,47.67,No Discount,0,0,0,0,0,Low
1464,212,313,4,15,2024-08-27,2024,8,Aug,Tuesday,3,Product_313,Books,1073.88,440.2,41,Female,Kolkata,35-44,3.9,4295.52,644.328,3651.192000000001,1760.8,1890.3920000000005,51.77,15%,0,0,0,0,0,Low
1465,239,311,5,15,2024-02-15,2024,2,Feb,Thursday,1,Product_311,Books,1957.07,1356.22,24,Female,Mumbai,18-24,1.8,9785.35,1467.8025,8317.5475,6781.1,1536.4475000000002,18.47,15%,0,0,0,0,0,Low
1466,202,305,4,5,2024-02-04,2024,2,Feb,Sunday,1,Product_305,Sports,873.81,414.24,46,Male,Chennai,45+,2.4,3495.24,174.76199999999997,3320.478,1656.96,1663.5179999999996,50.1,5%,0,0,0,0,0,Low
1467,232,301,3,0,2024-09-09,2024,9,Sep,Monday,3,Product_301,Books,1326.67,752.79,45,Female,Mumbai,45+,4.4,3980.01,0.0,3980.01,2258.37,1721.6400000000003,43.26,No Discount,0,0,0,0,0,Low
1468,213,303,3,5,2024-03-22,2024,3,Mar,Friday,1,Product_303,Electronics,4451.42,1867.23,53,Female,Mumbai,45+,2.6,13354.26,667.7130000000001,12686.547,5601.6900000000005,7084.857,55.85,5%,0,0,0,0,0,Low
1469,246,319,5,0,2024-09-12,2024,9,Sep,Thursday,3,Product_319,Fashion,1090.97,617.34,31,Female,Bengaluru,25-34,0.6,5454.85,0.0,5454.85,3086.7000000000003,2368.15,43.41,No Discount,0,0,0,0,0,Low
1470,227,307,1,20,2024-07-15,2024,7,Jul,Monday,3,Product_307,Books,4562.09,2799.67,39,Female,Bengaluru,35-44,2.2,4562.09,912.418,3649.672,2799.67,850.002,23.29,20%,0,0,1,0,15,Low
1471,249,312,1,0,2024-10-29,2024,10,Oct,Tuesday,4,Product_312,Home & Kitchen,1732.47,906.62,19,Female,Pune,18-24,2.8,1732.47,0.0,1732.47,906.62,825.85,47.67,No Discount,0,0,0,0,0,Low
1472,241,315,2,0,2024-01-10,2024,1,Jan,Wednesday,1,Product_315,Sports,2578.7,1522.22,26,Female,Kolkata,25-34,1.5,5157.4,0.0,5157.4,3044.44,2112.96,40.97,No Discount,0,0,0,0,0,Low
1473,217,305,5,0,2024-11-07,2024,11,Nov,Thursday,4,Product_305,Sports,873.81,414.24,39,Female,Ahmedabad,35-44,2.2,4369.049999999999,0.0,4369.049999999999,2071.2,2297.8499999999995,52.59,No Discount,0,0,0,0,0,Low
1474,240,315,4,0,2024-10-12,2024,10,Oct,Saturday,4,Product_315,Sports,2578.7,1522.22,38,Male,Ahmedabad,35-44,0.3,10314.8,0.0,10314.8,6088.88,4225.919999999999,40.97,No Discount,0,0,0,0,0,Low
1475,231,308,5,5,2024-08-29,2024,8,Aug,Thursday,3,Product_308,Electronics,1579.02,701.76,59,Female,Delhi,45+,1.1,7895.1,394.755,7500.345,3508.8,3991.545,53.22,5%,0,0,0,0,0,Low
1476,234,310,2,0,2024-09-07,2024,9,Sep,Saturday,3,Product_310,Sports,302.45,145.19,32,Female,Kolkata,25-34,0.4,604.9,0.0,604.9,290.38,314.52,52.0,No Discount,0,0,0,0,0,Low
1477,224,316,5,0,2024-12-30,2024,12,Dec,Monday,4,Product_316,Books,3554.45,2147.64,38,Male,Bengaluru,35-44,3.0,17772.25,0.0,17772.25,10738.2,7034.050000000001,39.58,No Discount,1,0,0,1,65,High
1478,245,308,5,20,2024-01-05,2024,1,Jan,Friday,1,Product_308,Electronics,1579.02,701.76,42,Male,Hyderabad,35-44,3.5,7895.1,1579.02,6316.08,3508.8,2807.28,44.45,20%,0,0,1,0,15,Low
1479,235,301,2,0,2024-04-28,2024,4,Apr,Sunday,2,Product_301,Books,1326.67,752.79,64,Male,Mumbai,45+,1.7,2653.34,0.0,2653.34,1505.58,1147.7600000000002,43.26,No Discount,0,0,0,0,0,Low
1480,248,312,1,15,2024-10-15,2024,10,Oct,Tuesday,4,Product_312,Home & Kitchen,1732.47,906.62,43,Male,Ahmedabad,35-44,3.2,1732.47,259.8705,1472.5995,906.62,565.9795,38.43,15%,0,0,0,0,0,Low
1481,206,305,4,0,2024-03-05,2024,3,Mar,Tuesday,1,Product_305,Sports,873.81,414.24,38,Male,Mumbai,35-44,3.2,3495.24,0.0,3495.24,1656.96,1838.28,52.59,No Discount,0,0,0,0,0,Low
1482,219,303,2,15,2024-05-25,2024,5,May,Saturday,2,Product_303,Electronics,4451.42,1867.23,41,Female,Kolkata,35-44,2.6,8902.84,1335.4260000000002,7567.414,3734.46,3832.954,50.65,15%,0,0,0,0,0,Low
1483,230,301,3,15,2024-08-11,2024,8,Aug,Sunday,3,Product_301,Books,1326.67,752.79,44,Female,Kolkata,35-44,3.7,3980.01,597.0015,3383.0085000000004,2258.37,1124.6385000000005,33.24,15%,0,0,0,0,0,Low
1484,207,304,1,0,2024-08-26,2024,8,Aug,Monday,3,Product_304,Home & Kitchen,1824.42,868.74,56,Female,Hyderabad,45+,0.1,1824.42,0.0,1824.42,868.74,955.68,52.38,No Discount,0,0,0,0,0,Low
1485,210,308,3,20,2024-06-25,2024,6,Jun,Tuesday,2,Product_308,Electronics,1579.02,701.76,28,Female,Mumbai,25-34,3.6,4737.06,947.4119999999998,3789.648,2105.28,1684.368,44.45,20%,0,0,1,0,15,Low
1486,241,303,1,0,2024-09-23,2024,9,Sep,Monday,3,Product_303,Electronics,4451.42,1867.23,26,Female,Kolkata,25-34,1.5,4451.42,0.0,4451.42,1867.23,2584.19,58.05,No Discount,0,0,0,0,0,Low
1487,232,310,4,15,2024-12-06,2024,12,Dec,Friday,4,Product_310,Sports,302.45,145.19,45,Female,Mumbai,45+,4.4,1209.8,181.47,1028.33,580.76,447.57,43.52,15%,0,0,0,0,0,Low
1488,234,302,4,0,2024-10-08,2024,10,Oct,Tuesday,4,Product_302,Books,2257.6,1176.55,32,Female,Kolkata,25-34,0.4,9030.4,0.0,9030.4,4706.2,4324.2,47.88,No Discount,0,0,0,0,0,Low
1489,228,311,5,15,2024-03-03,2024,3,Mar,Sunday,1,Product_311,Books,1957.07,1356.22,61,Female,Hyderabad,45+,4.7,9785.35,1467.8025,8317.5475,6781.1,1536.4475000000002,18.47,15%,0,0,0,0,0,Low
1490,215,310,3,10,2024-08-04,2024,8,Aug,Sunday,3,Product_310,Sports,302.45,145.19,41,Female,Mumbai,35-44,3.9,907.35,90.735,816.6149999999999,435.57,381.0449999999999,46.66,10%,0,0,0,0,0,Low
1491,230,314,1,0,2024-12-07,2024,12,Dec,Saturday,4,Product_314,Sports,2810.22,1415.01,44,Female,Kolkata,35-44,3.7,2810.22,0.0,2810.22,1415.01,1395.2099999999998,49.65,No Discount,0,0,0,0,0,Low
1492,237,307,4,15,2024-11-10,2024,11,Nov,Sunday,4,Product_307,Books,4562.09,2799.67,20,Female,Chennai,18-24,2.1,18248.36,2737.2540000000004,15511.106,11198.68,4312.426,27.8,15%,1,0,0,0,30,Medium
1493,229,302,2,10,2024-10-09,2024,10,Oct,Wednesday,4,Product_302,Books,2257.6,1176.55,42,Female,Delhi,35-44,0.2,4515.2,451.52,4063.68,2353.1,1710.58,42.09,10%,0,0,0,0,0,Low
1494,222,309,4,5,2024-06-25,2024,6,Jun,Tuesday,2,Product_309,Electronics,3344.14,2338.63,55,Female,Mumbai,45+,0.6,13376.56,668.828,12707.732,9354.52,3353.2119999999995,26.39,5%,0,0,0,1,35,Medium
1495,204,316,2,10,2024-04-07,2024,4,Apr,Sunday,2,Product_316,Books,3554.45,2147.64,60,Male,Chennai,45+,3.3,7108.9,710.89,6398.009999999999,4295.28,2102.73,32.87,10%,0,0,0,0,0,Low
1496,220,313,1,0,2024-04-14,2024,4,Apr,Sunday,2,Product_313,Books,1073.88,440.2,61,Female,Bengaluru,45+,0.9,1073.88,0.0,1073.88,440.2,633.6800000000001,59.01,No Discount,0,0,0,0,0,Low
1497,232,309,4,15,2024-04-08,2024,4,Apr,Monday,2,Product_309,Electronics,3344.14,2338.63,45,Female,Mumbai,45+,4.4,13376.56,2006.484,11370.076,9354.52,2015.555999999999,17.73,15%,0,0,0,1,35,Medium
1498,236,320,4,10,2024-11-06,2024,11,Nov,Wednesday,4,Product_320,Books,1328.19,767.44,61,Female,Ahmedabad,45+,3.5,5312.76,531.2760000000001,4781.484,3069.76,1711.7240000000002,35.8,10%,0,0,0,0,0,Low
1499,250,304,1,0,2024-01-06,2024,1,Jan,Saturday,1,Product_304,Home & Kitchen,1824.42,868.74,37,Female,Bengaluru,35-44,2.1,1824.42,0.0,1824.42,868.74,955.68,52.38,No Discount,0,0,0,0,0,Low
1500,204,310,4,5,2024-07-15,2024,7,Jul,Monday,3,Product_310,Sports,302.45,145.19,60,Male,Chennai,45+,3.3,1209.8,60.49,1149.31,580.76,568.55,49.47,5%,0,0,0,0,0,Low
1501,227,312,2,20,2024-12-16,2024,12,Dec,Monday,4,Product_312,Home & Kitchen,1732.47,906.62,39,Female,Bengaluru,35-44,2.2,3464.94,692.988,2771.952,1813.24,958.7120000000002,34.59,20%,0,0,1,0,15,Low
1502,217,317,4,15,2024-05-12,2024,5,May,Sunday,2,Product_317,Sports,1566.24,875.97,39,Female,Ahmedabad,35-44,2.2,6264.96,939.744,5325.216,3503.88,1821.336,34.2,15%,0,0,0,0,0,Low
1503,212,314,3,0,2024-12-23,2024,12,Dec,Monday,4,Product_314,Sports,2810.22,1415.01,41,Female,Kolkata,35-44,3.9,8430.66,0.0,8430.66,4245.03,4185.63,49.65,No Discount,0,0,0,0,0,Low
1504,222,314,5,20,2024-09-15,2024,9,Sep,Sunday,3,Product_314,Sports,2810.22,1415.01,55,Female,Mumbai,45+,0.6,14051.1,2810.22,11240.88,7075.05,4165.829999999999,37.06,20%,0,0,1,1,50,Medium
1505,217,302,2,10,2024-01-23,2024,1,Jan,Tuesday,1,Product_302,Books,2257.6,1176.55,39,Female,Ahmedabad,35-44,2.2,4515.2,451.52,4063.68,2353.1,1710.58,42.09,10%,0,0,0,0,0,Low
1506,210,320,3,20,2024-02-22,2024,2,Feb,Thursday,1,Product_320,Books,1328.19,767.44,28,Female,Mumbai,25-34,3.6,3984.57,796.9140000000001,3187.656,2302.32,885.3359999999998,27.77,20%,0,0,1,0,15,Low
1507,201,311,1,20,2024-06-13,2024,6,Jun,Thursday,2,Product_311,Books,1957.07,1356.22,56,Female,Mumbai,45+,0.7,1957.07,391.414,1565.656,1356.22,209.43599999999992,13.38,20%,0,0,1,0,15,Low
1508,222,316,2,5,2024-07-20,2024,7,Jul,Saturday,3,Product_316,Books,3554.45,2147.64,55,Female,Mumbai,45+,0.6,7108.9,355.445,6753.455,4295.28,2458.175,36.4,5%,0,0,0,0,0,Low
1509,226,319,5,20,2024-03-23,2024,3,Mar,Saturday,1,Product_319,Fashion,1090.97,617.34,29,Female,Mumbai,25-34,3.5,5454.85,1090.97,4363.88,3086.7000000000003,1277.1799999999998,29.27,20%,0,0,1,0,15,Low
1510,218,306,5,20,2024-05-24,2024,5,May,Friday,2,Product_306,Fashion,1974.6,1202.32,19,Female,Ahmedabad,18-24,0.7,9873.0,1974.6,7898.4,6011.599999999999,1886.8,23.89,20%,0,0,1,0,15,Low
1511,250,319,1,15,2024-03-25,2024,3,Mar,Monday,1,Product_319,Fashion,1090.97,617.34,37,Female,Bengaluru,35-44,2.1,1090.97,163.6455,927.3245,617.34,309.9845,33.43,15%,0,0,0,0,0,Low
1512,214,305,1,5,2024-03-18,2024,3,Mar,Monday,1,Product_305,Sports,873.81,414.24,57,Female,Ahmedabad,45+,2.8,873.81,43.69049999999999,830.1194999999999,414.24,415.8794999999999,50.1,5%,0,0,0,0,0,Low
1513,247,304,2,0,2024-01-01,2024,1,Jan,Monday,1,Product_304,Home & Kitchen,1824.42,868.74,26,Male,Chennai,25-34,2.2,3648.84,0.0,3648.84,1737.48,1911.36,52.38,No Discount,0,0,0,0,0,Low
1514,229,315,4,10,2024-02-20,2024,2,Feb,Tuesday,1,Product_315,Sports,2578.7,1522.22,42,Female,Delhi,35-44,0.2,10314.8,1031.48,9283.32,6088.88,3194.44,34.41,10%,0,0,0,0,0,Low
1515,212,304,1,5,2024-06-21,2024,6,Jun,Friday,2,Product_304,Home & Kitchen,1824.42,868.74,41,Female,Kolkata,35-44,3.9,1824.42,91.221,1733.199,868.74,864.4590000000001,49.88,5%,0,0,0,0,0,Low
1516,236,320,4,5,2024-07-23,2024,7,Jul,Tuesday,3,Product_320,Books,1328.19,767.44,61,Female,Ahmedabad,45+,3.5,5312.76,265.63800000000003,5047.122,3069.76,1977.362,39.18,5%,0,0,0,0,0,Low
1517,235,310,3,0,2024-09-16,2024,9,Sep,Monday,3,Product_310,Sports,302.45,145.19,64,Male,Mumbai,45+,1.7,907.35,0.0,907.35,435.57,471.7799999999999,52.0,No Discount,0,0,0,0,0,Low
1518,212,303,5,5,2024-10-14,2024,10,Oct,Monday,4,Product_303,Electronics,4451.42,1867.23,41,Female,Kolkata,35-44,3.9,22257.1,1112.855,21144.245,9336.15,11808.095,55.85,5%,1,0,0,1,65,High
1519,207,305,4,0,2024-02-03,2024,2,Feb,Saturday,1,Product_305,Sports,873.81,414.24,56,Female,Hyderabad,45+,0.1,3495.24,0.0,3495.24,1656.96,1838.28,52.59,No Discount,0,0,0,0,0,Low
1520,229,306,5,10,2024-12-13,2024,12,Dec,Friday,4,Product_306,Fashion,1974.6,1202.32,42,Female,Delhi,35-44,0.2,9873.0,987.3,8885.7,6011.599999999999,2874.1000000000013,32.35,10%,0,0,0,0,0,Low
1521,211,308,4,20,2024-04-04,2024,4,Apr,Thursday,2,Product_308,Electronics,1579.02,701.76,28,Male,Mumbai,25-34,2.9,6316.08,1263.216,5052.864,2807.04,2245.824,44.45,20%,0,0,1,0,15,Low
1522,233,307,3,15,2024-03-12,2024,3,Mar,Tuesday,1,Product_307,Books,4562.09,2799.67,33,Male,Chennai,25-34,3.0,13686.27,2052.9405,11633.3295,8399.01,3234.3195,27.8,15%,0,0,0,1,35,Medium
1523,206,310,1,15,2024-02-08,2024,2,Feb,Thursday,1,Product_310,Sports,302.45,145.19,38,Male,Mumbai,35-44,3.2,302.45,45.3675,257.0825,145.19,111.89249999999998,43.52,15%,0,0,0,0,0,Low
1524,247,306,3,10,2024-06-02,2024,6,Jun,Sunday,2,Product_306,Fashion,1974.6,1202.32,26,Male,Chennai,25-34,2.2,5923.799999999999,592.3799999999999,5331.419999999999,3606.96,1724.4599999999991,32.35,10%,0,0,0,0,0,Low
1525,215,314,1,10,2024-09-06,2024,9,Sep,Friday,3,Product_314,Sports,2810.22,1415.01,41,Female,Mumbai,35-44,3.9,2810.22,281.022,2529.198,1415.01,1114.188,44.05,10%,0,0,0,0,0,Low
1526,232,304,1,0,2024-06-10,2024,6,Jun,Monday,2,Product_304,Home & Kitchen,1824.42,868.74,45,Female,Mumbai,45+,4.4,1824.42,0.0,1824.42,868.74,955.68,52.38,No Discount,0,0,0,0,0,Low
1527,211,313,5,20,2024-04-27,2024,4,Apr,Saturday,2,Product_313,Books,1073.88,440.2,28,Male,Mumbai,25-34,2.9,5369.400000000001,1073.88,4295.52,2201.0,2094.5200000000004,48.76,20%,0,0,1,0,15,Low
1528,223,320,3,10,2024-09-15,2024,9,Sep,Sunday,3,Product_320,Books,1328.19,767.44,19,Male,Ahmedabad,18-24,2.6,3984.57,398.4570000000001,3586.1130000000003,2302.32,1283.793,35.8,10%,0,0,0,0,0,Low
1529,226,317,4,5,2024-11-01,2024,11,Nov,Friday,4,Product_317,Sports,1566.24,875.97,29,Female,Mumbai,25-34,3.5,6264.96,313.248,5951.712,3503.88,2447.8320000000003,41.13,5%,0,0,0,0,0,Low
1530,234,307,3,15,2024-09-24,2024,9,Sep,Tuesday,3,Product_307,Books,4562.09,2799.67,32,Female,Kolkata,25-34,0.4,13686.27,2052.9405,11633.3295,8399.01,3234.3195,27.8,15%,0,0,0,1,35,Medium
1531,246,304,5,0,2024-02-23,2024,2,Feb,Friday,1,Product_304,Home & Kitchen,1824.42,868.74,31,Female,Bengaluru,25-34,0.6,9122.1,0.0,9122.1,4343.7,4778.400000000001,52.38,No Discount,0,0,0,0,0,Low
1532,234,314,1,15,2024-08-23,2024,8,Aug,Friday,3,Product_314,Sports,2810.22,1415.01,32,Female,Kolkata,25-34,0.4,2810.22,421.533,2388.687,1415.01,973.677,40.76,15%,0,0,0,0,0,Low
1533,229,303,5,0,2024-08-09,2024,8,Aug,Friday,3,Product_303,Electronics,4451.42,1867.23,42,Female,Delhi,35-44,0.2,22257.1,0.0,22257.1,9336.15,12920.95,58.05,No Discount,1,0,0,1,65,High
1534,204,305,2,15,2024-09-07,2024,9,Sep,Saturday,3,Product_305,Sports,873.81,414.24,60,Male,Chennai,45+,3.3,1747.62,262.143,1485.477,828.48,656.9969999999998,44.23,15%,0,0,0,0,0,Low
1535,217,316,2,0,2024-11-08,2024,11,Nov,Friday,4,Product_316,Books,3554.45,2147.64,39,Female,Ahmedabad,35-44,2.2,7108.9,0.0,7108.9,4295.28,2813.62,39.58,No Discount,0,0,0,0,0,Low
1536,235,320,4,20,2024-04-21,2024,4,Apr,Sunday,2,Product_320,Books,1328.19,767.44,64,Male,Mumbai,45+,1.7,5312.76,1062.552,4250.2080000000005,3069.76,1180.4480000000003,27.77,20%,0,0,1,0,15,Low
1537,213,304,5,10,2024-09-11,2024,9,Sep,Wednesday,3,Product_304,Home & Kitchen,1824.42,868.74,53,Female,Mumbai,45+,2.6,9122.1,912.21,8209.89,4343.7,3866.19,47.09,10%,0,0,0,0,0,Low
1538,241,302,4,20,2024-10-29,2024,10,Oct,Tuesday,4,Product_302,Books,2257.6,1176.55,26,Female,Kolkata,25-34,1.5,9030.4,1806.08,7224.32,4706.2,2518.12,34.86,20%,0,0,1,0,15,Low
1539,239,318,4,10,2024-07-25,2024,7,Jul,Thursday,3,Product_318,Books,1447.39,773.39,24,Female,Mumbai,18-24,1.8,5789.56,578.956,5210.604,3093.56,2117.0440000000003,40.63,10%,0,0,0,0,0,Low
1540,215,319,2,15,2024-08-16,2024,8,Aug,Friday,3,Product_319,Fashion,1090.97,617.34,41,Female,Mumbai,35-44,3.9,2181.94,327.291,1854.649,1234.68,619.969,33.43,15%,0,0,0,0,0,Low
1541,229,319,4,0,2024-12-06,2024,12,Dec,Friday,4,Product_319,Fashion,1090.97,617.34,42,Female,Delhi,35-44,0.2,4363.88,0.0,4363.88,2469.36,1894.52,43.41,No Discount,0,0,0,0,0,Low
1542,229,317,2,0,2024-03-06,2024,3,Mar,Wednesday,1,Product_317,Sports,1566.24,875.97,42,Female,Delhi,35-44,0.2,3132.48,0.0,3132.48,1751.94,1380.54,44.07,No Discount,0,0,0,0,0,Low
1543,211,314,1,0,2024-03-15,2024,3,Mar,Friday,1,Product_314,Sports,2810.22,1415.01,28,Male,Mumbai,25-34,2.9,2810.22,0.0,2810.22,1415.01,1395.2099999999998,49.65,No Discount,0,0,0,0,0,Low
1544,232,319,5,0,2024-04-12,2024,4,Apr,Friday,2,Product_319,Fashion,1090.97,617.34,45,Female,Mumbai,45+,4.4,5454.85,0.0,5454.85,3086.7000000000003,2368.15,43.41,No Discount,0,0,0,0,0,Low
1545,202,313,4,15,2024-07-10,2024,7,Jul,Wednesday,3,Product_313,Books,1073.88,440.2,46,Male,Chennai,45+,2.4,4295.52,644.328,3651.192000000001,1760.8,1890.3920000000005,51.77,15%,0,0,0,0,0,Low
1546,247,312,2,10,2024-09-08,2024,9,Sep,Sunday,3,Product_312,Home & Kitchen,1732.47,906.62,26,Male,Chennai,25-34,2.2,3464.94,346.494,3118.446,1813.24,1305.206,41.85,10%,0,0,0,0,0,Low
1547,214,306,3,15,2024-08-13,2024,8,Aug,Tuesday,3,Product_306,Fashion,1974.6,1202.32,57,Female,Ahmedabad,45+,2.8,5923.799999999999,888.5699999999998,5035.23,3606.96,1428.2699999999995,28.37,15%,0,0,0,0,0,Low
1548,220,304,4,0,2024-10-20,2024,10,Oct,Sunday,4,Product_304,Home & Kitchen,1824.42,868.74,61,Female,Bengaluru,45+,0.9,7297.68,0.0,7297.68,3474.96,3822.72,52.38,No Discount,0,0,0,0,0,Low
1549,222,319,1,5,2024-11-01,2024,11,Nov,Friday,4,Product_319,Fashion,1090.97,617.34,55,Female,Mumbai,45+,0.6,1090.97,54.5485,1036.4215,617.34,419.0814999999999,40.44,5%,0,0,0,0,0,Low
1550,211,316,1,5,2024-04-07,2024,4,Apr,Sunday,2,Product_316,Books,3554.45,2147.64,28,Male,Mumbai,25-34,2.9,3554.45,177.7225,3376.7275,2147.64,1229.0875,36.4,5%,0,0,0,0,0,Low
1551,227,313,3,0,2024-12-03,2024,12,Dec,Tuesday,4,Product_313,Books,1073.88,440.2,39,Female,Bengaluru,35-44,2.2,3221.6400000000003,0.0,3221.6400000000003,1320.6,1901.0400000000004,59.01,No Discount,0,0,0,0,0,Low
1552,203,304,2,10,2024-10-12,2024,10,Oct,Saturday,4,Product_304,Home & Kitchen,1824.42,868.74,32,Female,Chennai,25-34,0.2,3648.84,364.884,3283.956,1737.48,1546.476,47.09,10%,0,0,0,0,0,Low
1553,217,317,4,20,2024-11-30,2024,11,Nov,Saturday,4,Product_317,Sports,1566.24,875.97,39,Female,Ahmedabad,35-44,2.2,6264.96,1252.992,5011.968,3503.88,1508.0879999999995,30.09,20%,0,0,1,0,15,Low
1554,244,301,2,0,2024-12-12,2024,12,Dec,Thursday,4,Product_301,Books,1326.67,752.79,21,Female,Ahmedabad,18-24,3.1,2653.34,0.0,2653.34,1505.58,1147.7600000000002,43.26,No Discount,0,0,0,0,0,Low
1555,228,318,1,10,2024-11-03,2024,11,Nov,Sunday,4,Product_318,Books,1447.39,773.39,61,Female,Hyderabad,45+,4.7,1447.39,144.739,1302.651,773.39,529.2610000000001,40.63,10%,0,0,0,0,0,Low
1556,229,320,2,0,2024-09-05,2024,9,Sep,Thursday,3,Product_320,Books,1328.19,767.44,42,Female,Delhi,35-44,0.2,2656.38,0.0,2656.38,1534.88,1121.5,42.22,No Discount,0,0,0,0,0,Low
1557,221,317,1,0,2024-06-14,2024,6,Jun,Friday,2,Product_317,Sports,1566.24,875.97,47,Female,Bengaluru,45+,0.3,1566.24,0.0,1566.24,875.97,690.27,44.07,No Discount,0,0,0,0,0,Low
1558,247,315,2,10,2024-11-30,2024,11,Nov,Saturday,4,Product_315,Sports,2578.7,1522.22,26,Male,Chennai,25-34,2.2,5157.4,515.74,4641.66,3044.44,1597.2199999999998,34.41,10%,0,0,0,0,0,Low
1559,216,311,3,0,2024-01-30,2024,1,Jan,Tuesday,1,Product_311,Books,1957.07,1356.22,20,Female,Chennai,18-24,4.4,5871.21,0.0,5871.21,4068.66,1802.55,30.7,No Discount,0,0,0,0,0,Low
1560,237,313,5,0,2024-09-03,2024,9,Sep,Tuesday,3,Product_313,Books,1073.88,440.2,20,Female,Chennai,18-24,2.1,5369.400000000001,0.0,5369.400000000001,2201.0,3168.4000000000005,59.01,No Discount,0,0,0,0,0,Low
1561,220,301,3,20,2024-04-15,2024,4,Apr,Monday,2,Product_301,Books,1326.67,752.79,61,Female,Bengaluru,45+,0.9,3980.01,796.0020000000001,3184.0080000000003,2258.37,925.6380000000004,29.07,20%,0,0,1,0,15,Low
1562,206,317,3,20,2024-02-20,2024,2,Feb,Tuesday,1,Product_317,Sports,1566.24,875.97,38,Male,Mumbai,35-44,3.2,4698.72,939.744,3758.976,2627.91,1131.0660000000005,30.09,20%,0,0,1,0,15,Low
1563,219,306,5,10,2024-03-21,2024,3,Mar,Thursday,1,Product_306,Fashion,1974.6,1202.32,41,Female,Kolkata,35-44,2.6,9873.0,987.3,8885.7,6011.599999999999,2874.1000000000013,32.35,10%,0,0,0,0,0,Low
1564,205,304,5,10,2024-05-12,2024,5,May,Sunday,2,Product_304,Home & Kitchen,1824.42,868.74,25,Female,Hyderabad,25-34,0.9,9122.1,912.21,8209.89,4343.7,3866.19,47.09,10%,0,0,0,0,0,Low
1565,203,320,4,0,2024-10-11,2024,10,Oct,Friday,4,Product_320,Books,1328.19,767.44,32,Female,Chennai,25-34,0.2,5312.76,0.0,5312.76,3069.76,2243.0,42.22,No Discount,0,0,0,0,0,Low
1566,201,316,4,0,2024-05-17,2024,5,May,Friday,2,Product_316,Books,3554.45,2147.64,56,Female,Mumbai,45+,0.7,14217.8,0.0,14217.8,8590.56,5627.24,39.58,No Discount,0,0,0,1,35,Medium
1567,238,315,3,5,2024-07-02,2024,7,Jul,Tuesday,3,Product_315,Sports,2578.7,1522.22,54,Male,Delhi,45+,3.6,7736.099999999999,386.805,7349.294999999999,4566.66,2782.6349999999998,37.86,5%,0,0,0,0,0,Low
1568,215,315,3,0,2024-11-25,2024,11,Nov,Monday,4,Product_315,Sports,2578.7,1522.22,41,Female,Mumbai,35-44,3.9,7736.099999999999,0.0,7736.099999999999,4566.66,3169.44,40.97,No Discount,0,0,0,0,0,Low
1569,234,306,1,0,2024-09-29,2024,9,Sep,Sunday,3,Product_306,Fashion,1974.6,1202.32,32,Female,Kolkata,25-34,0.4,1974.6,0.0,1974.6,1202.32,772.28,39.11,No Discount,0,0,0,0,0,Low
1570,235,315,1,10,2024-12-05,2024,12,Dec,Thursday,4,Product_315,Sports,2578.7,1522.22,64,Male,Mumbai,45+,1.7,2578.7,257.87,2320.83,1522.22,798.6099999999999,34.41,10%,0,0,0,0,0,Low
1571,249,314,4,0,2024-03-09,2024,3,Mar,Saturday,1,Product_314,Sports,2810.22,1415.01,19,Female,Pune,18-24,2.8,11240.88,0.0,11240.88,5660.04,5580.839999999999,49.65,No Discount,0,0,0,1,35,Medium
1572,225,311,4,15,2024-02-03,2024,2,Feb,Saturday,1,Product_311,Books,1957.07,1356.22,50,Female,Bengaluru,45+,1.5,7828.28,1174.242,6654.038,5424.88,1229.1579999999994,18.47,15%,0,0,0,0,0,Low
1573,224,307,1,0,2024-09-18,2024,9,Sep,Wednesday,3,Product_307,Books,4562.09,2799.67,38,Male,Bengaluru,35-44,3.0,4562.09,0.0,4562.09,2799.67,1762.42,38.63,No Discount,0,0,0,0,0,Low
1574,212,309,1,15,2024-02-22,2024,2,Feb,Thursday,1,Product_309,Electronics,3344.14,2338.63,41,Female,Kolkata,35-44,3.9,3344.14,501.621,2842.519,2338.63,503.88899999999967,17.73,15%,0,0,0,0,0,Low
1575,218,316,2,20,2024-07-23,2024,7,Jul,Tuesday,3,Product_316,Books,3554.45,2147.64,19,Female,Ahmedabad,18-24,0.7,7108.9,1421.78,5687.12,4295.28,1391.84,24.47,20%,0,0,1,0,15,Low
1576,215,305,2,5,2024-05-05,2024,5,May,Sunday,2,Product_305,Sports,873.81,414.24,41,Female,Mumbai,35-44,3.9,1747.62,87.38099999999999,1660.2389999999998,828.48,831.7589999999998,50.1,5%,0,0,0,0,0,Low
1577,244,320,1,10,2024-08-22,2024,8,Aug,Thursday,3,Product_320,Books,1328.19,767.44,21,Female,Ahmedabad,18-24,3.1,1328.19,132.81900000000002,1195.371,767.44,427.931,35.8,10%,0,0,0,0,0,Low
1578,216,310,2,0,2024-02-12,2024,2,Feb,Monday,1,Product_310,Sports,302.45,145.19,20,Female,Chennai,18-24,4.4,604.9,0.0,604.9,290.38,314.52,52.0,No Discount,0,0,0,0,0,Low
1579,227,318,5,15,2024-08-27,2024,8,Aug,Tuesday,3,Product_318,Books,1447.39,773.39,39,Female,Bengaluru,35-44,2.2,7236.950000000001,1085.5425000000002,6151.4075,3866.95,2284.4575000000004,37.14,15%,0,0,0,0,0,Low
1580,208,303,4,15,2024-04-20,2024,4,Apr,Saturday,2,Product_303,Electronics,4451.42,1867.23,36,Male,Kolkata,35-44,2.2,17805.68,2670.8520000000003,15134.828,7468.92,7665.907999999999,50.65,15%,0,0,0,1,35,Medium
1581,246,313,4,20,2024-09-05,2024,9,Sep,Thursday,3,Product_313,Books,1073.88,440.2,31,Female,Bengaluru,25-34,0.6,4295.52,859.104,3436.416,1760.8,1675.6160000000002,48.76,20%,0,0,1,0,15,Low
1582,225,311,1,15,2024-05-30,2024,5,May,Thursday,2,Product_311,Books,1957.07,1356.22,50,Female,Bengaluru,45+,1.5,1957.07,293.5605,1663.5095,1356.22,307.28949999999986,18.47,15%,0,0,0,0,0,Low
1583,217,317,3,0,2024-07-01,2024,7,Jul,Monday,3,Product_317,Sports,1566.24,875.97,39,Female,Ahmedabad,35-44,2.2,4698.72,0.0,4698.72,2627.91,2070.8100000000004,44.07,No Discount,0,0,0,0,0,Low
1584,229,313,1,0,2024-12-01,2024,12,Dec,Sunday,4,Product_313,Books,1073.88,440.2,42,Female,Delhi,35-44,0.2,1073.88,0.0,1073.88,440.2,633.6800000000001,59.01,No Discount,0,0,0,0,0,Low
1585,208,306,2,5,2024-04-04,2024,4,Apr,Thursday,2,Product_306,Fashion,1974.6,1202.32,36,Male,Kolkata,35-44,2.2,3949.2,197.46,3751.74,2404.64,1347.1,35.91,5%,0,0,0,0,0,Low
1586,215,317,3,20,2024-01-08,2024,1,Jan,Monday,1,Product_317,Sports,1566.24,875.97,41,Female,Mumbai,35-44,3.9,4698.72,939.744,3758.976,2627.91,1131.0660000000005,30.09,20%,0,0,1,0,15,Low
1587,227,313,2,20,2024-12-25,2024,12,Dec,Wednesday,4,Product_313,Books,1073.88,440.2,39,Female,Bengaluru,35-44,2.2,2147.76,429.552,1718.208,880.4,837.8080000000001,48.76,20%,0,0,1,0,15,Low
1588,246,319,5,0,2024-07-02,2024,7,Jul,Tuesday,3,Product_319,Fashion,1090.97,617.34,31,Female,Bengaluru,25-34,0.6,5454.85,0.0,5454.85,3086.7000000000003,2368.15,43.41,No Discount,0,0,0,0,0,Low
1589,250,319,2,0,2024-10-07,2024,10,Oct,Monday,4,Product_319,Fashion,1090.97,617.34,37,Female,Bengaluru,35-44,2.1,2181.94,0.0,2181.94,1234.68,947.26,43.41,No Discount,0,0,0,0,0,Low
1590,207,310,5,0,2024-07-13,2024,7,Jul,Saturday,3,Product_310,Sports,302.45,145.19,56,Female,Hyderabad,45+,0.1,1512.25,0.0,1512.25,725.95,786.3,52.0,No Discount,0,0,0,0,0,Low
1591,203,303,5,0,2024-12-17,2024,12,Dec,Tuesday,4,Product_303,Electronics,4451.42,1867.23,32,Female,Chennai,25-34,0.2,22257.1,0.0,22257.1,9336.15,12920.95,58.05,No Discount,1,0,0,1,65,High
1592,229,314,2,10,2024-07-13,2024,7,Jul,Saturday,3,Product_314,Sports,2810.22,1415.01,42,Female,Delhi,35-44,0.2,5620.44,562.044,5058.396,2830.02,2228.376,44.05,10%,0,0,0,0,0,Low
1593,244,319,2,10,2024-06-03,2024,6,Jun,Monday,2,Product_319,Fashion,1090.97,617.34,21,Female,Ahmedabad,18-24,3.1,2181.94,218.194,1963.746,1234.68,729.066,37.13,10%,0,0,0,0,0,Low
1594,224,305,5,10,2024-04-02,2024,4,Apr,Tuesday,2,Product_305,Sports,873.81,414.24,38,Male,Bengaluru,35-44,3.0,4369.049999999999,436.9049999999999,3932.145,2071.2,1860.945,47.33,10%,0,0,0,0,0,Low
1595,203,305,3,0,2024-06-08,2024,6,Jun,Saturday,2,Product_305,Sports,873.81,414.24,32,Female,Chennai,25-34,0.2,2621.43,0.0,2621.43,1242.72,1378.7099999999998,52.59,No Discount,0,0,0,0,0,Low
1596,220,320,5,0,2024-03-01,2024,3,Mar,Friday,1,Product_320,Books,1328.19,767.44,61,Female,Bengaluru,45+,0.9,6640.950000000001,0.0,6640.950000000001,3837.2,2803.7500000000005,42.22,No Discount,0,0,0,0,0,Low
1597,246,317,4,0,2024-05-01,2024,5,May,Wednesday,2,Product_317,Sports,1566.24,875.97,31,Female,Bengaluru,25-34,0.6,6264.96,0.0,6264.96,3503.88,2761.08,44.07,No Discount,0,0,0,0,0,Low
1598,215,310,5,5,2024-02-20,2024,2,Feb,Tuesday,1,Product_310,Sports,302.45,145.19,41,Female,Mumbai,35-44,3.9,1512.25,75.6125,1436.6375,725.95,710.6875,49.47,5%,0,0,0,0,0,Low
1599,225,305,3,10,2024-10-03,2024,10,Oct,Thursday,4,Product_305,Sports,873.81,414.24,50,Female,Bengaluru,45+,1.5,2621.43,262.143,2359.287,1242.72,1116.5669999999998,47.33,10%,0,0,0,0,0,Low
1600,230,304,4,10,2024-01-05,2024,1,Jan,Friday,1,Product_304,Home & Kitchen,1824.42,868.74,44,Female,Kolkata,35-44,3.7,7297.68,729.768,6567.912,3474.96,3092.952,47.09,10%,0,0,0,0,0,Low
1601,214,306,1,20,2024-04-01,2024,4,Apr,Monday,2,Product_306,Fashion,1974.6,1202.32,57,Female,Ahmedabad,45+,2.8,1974.6,394.92,1579.6799999999998,1202.32,377.3599999999999,23.89,20%,0,0,1,0,15,Low
1602,207,304,1,0,2024-06-18,2024,6,Jun,Tuesday,2,Product_304,Home & Kitchen,1824.42,868.74,56,Female,Hyderabad,45+,0.1,1824.42,0.0,1824.42,868.74,955.68,52.38,No Discount,0,0,0,0,0,Low
1603,217,307,3,0,2024-11-12,2024,11,Nov,Tuesday,4,Product_307,Books,4562.09,2799.67,39,Female,Ahmedabad,35-44,2.2,13686.27,0.0,13686.27,8399.01,5287.26,38.63,No Discount,0,0,0,1,35,Medium
1604,244,307,5,0,2024-01-22,2024,1,Jan,Monday,1,Product_307,Books,4562.09,2799.67,21,Female,Ahmedabad,18-24,3.1,22810.45,0.0,22810.45,13998.35,8812.1,38.63,No Discount,1,0,0,1,65,High
1605,220,318,2,0,2024-11-21,2024,11,Nov,Thursday,4,Product_318,Books,1447.39,773.39,61,Female,Bengaluru,45+,0.9,2894.78,0.0,2894.78,1546.78,1348.0000000000002,46.57,No Discount,0,0,0,0,0,Low
1606,236,303,3,10,2024-01-01,2024,1,Jan,Monday,1,Product_303,Electronics,4451.42,1867.23,61,Female,Ahmedabad,45+,3.5,13354.26,1335.4260000000002,12018.834,5601.6900000000005,6417.144,53.39,10%,0,0,0,0,0,Low
1607,209,301,4,0,2024-05-12,2024,5,May,Sunday,2,Product_301,Books,1326.67,752.79,40,Male,Hyderabad,35-44,1.6,5306.68,0.0,5306.68,3011.16,2295.5200000000004,43.26,No Discount,0,0,0,0,0,Low
1608,238,304,4,0,2024-08-20,2024,8,Aug,Tuesday,3,Product_304,Home & Kitchen,1824.42,868.74,54,Male,Delhi,45+,3.6,7297.68,0.0,7297.68,3474.96,3822.72,52.38,No Discount,0,0,0,0,0,Low
1609,248,306,1,5,2024-01-12,2024,1,Jan,Friday,1,Product_306,Fashion,1974.6,1202.32,43,Male,Ahmedabad,35-44,3.2,1974.6,98.73,1875.87,1202.32,673.55,35.91,5%,0,0,0,0,0,Low
1610,222,309,4,0,2024-12-11,2024,12,Dec,Wednesday,4,Product_309,Electronics,3344.14,2338.63,55,Female,Mumbai,45+,0.6,13376.56,0.0,13376.56,9354.52,4022.039999999999,30.07,No Discount,0,0,0,1,35,Medium
1611,202,314,3,20,2024-02-15,2024,2,Feb,Thursday,1,Product_314,Sports,2810.22,1415.01,46,Male,Chennai,45+,2.4,8430.66,1686.132,6744.528,4245.03,2499.4980000000005,37.06,20%,0,0,1,0,15,Low
1612,224,312,4,0,2024-02-03,2024,2,Feb,Saturday,1,Product_312,Home & Kitchen,1732.47,906.62,38,Male,Bengaluru,35-44,3.0,6929.88,0.0,6929.88,3626.48,3303.4,47.67,No Discount,0,0,0,0,0,Low
1613,208,320,3,15,2024-03-18,2024,3,Mar,Monday,1,Product_320,Books,1328.19,767.44,36,Male,Kolkata,35-44,2.2,3984.57,597.6855,3386.8845,2302.32,1084.5645,32.02,15%,0,0,0,0,0,Low
1614,211,304,2,0,2024-08-05,2024,8,Aug,Monday,3,Product_304,Home & Kitchen,1824.42,868.74,28,Male,Mumbai,25-34,2.9,3648.84,0.0,3648.84,1737.48,1911.36,52.38,No Discount,0,0,0,0,0,Low
1615,213,312,1,20,2024-10-27,2024,10,Oct,Sunday,4,Product_312,Home & Kitchen,1732.47,906.62,53,Female,Mumbai,45+,2.6,1732.47,346.494,1385.976,906.62,479.3560000000001,34.59,20%,0,0,1,0,15,Low
1616,217,310,4,5,2024-03-13,2024,3,Mar,Wednesday,1,Product_310,Sports,302.45,145.19,39,Female,Ahmedabad,35-44,2.2,1209.8,60.49,1149.31,580.76,568.55,49.47,5%,0,0,0,0,0,Low
1617,208,307,3,10,2024-10-08,2024,10,Oct,Tuesday,4,Product_307,Books,4562.09,2799.67,36,Male,Kolkata,35-44,2.2,13686.27,1368.6270000000002,12317.643,8399.01,3918.633,31.81,10%,0,0,0,0,0,Low
1618,221,303,5,20,2024-09-05,2024,9,Sep,Thursday,3,Product_303,Electronics,4451.42,1867.23,47,Female,Bengaluru,45+,0.3,22257.1,4451.42,17805.68,9336.15,8469.53,47.57,20%,1,0,1,1,80,High
1619,218,314,1,0,2024-02-16,2024,2,Feb,Friday,1,Product_314,Sports,2810.22,1415.01,19,Female,Ahmedabad,18-24,0.7,2810.22,0.0,2810.22,1415.01,1395.2099999999998,49.65,No Discount,0,0,0,0,0,Low
1620,230,310,2,10,2024-04-30,2024,4,Apr,Tuesday,2,Product_310,Sports,302.45,145.19,44,Female,Kolkata,35-44,3.7,604.9,60.49,544.41,290.38,254.03,46.66,10%,0,0,0,0,0,Low
1621,218,316,3,0,2024-08-01,2024,8,Aug,Thursday,3,Product_316,Books,3554.45,2147.64,19,Female,Ahmedabad,18-24,0.7,10663.35,0.0,10663.35,6442.92,4220.429999999999,39.58,No Discount,0,0,0,0,0,Low
1622,246,316,2,10,2024-08-26,2024,8,Aug,Monday,3,Product_316,Books,3554.45,2147.64,31,Female,Bengaluru,25-34,0.6,7108.9,710.89,6398.009999999999,4295.28,2102.73,32.87,10%,0,0,0,0,0,Low
1623,247,310,2,5,2024-02-25,2024,2,Feb,Sunday,1,Product_310,Sports,302.45,145.19,26,Male,Chennai,25-34,2.2,604.9,30.245,574.655,290.38,284.275,49.47,5%,0,0,0,0,0,Low
1624,231,313,4,0,2024-12-15,2024,12,Dec,Sunday,4,Product_313,Books,1073.88,440.2,59,Female,Delhi,45+,1.1,4295.52,0.0,4295.52,1760.8,2534.7200000000003,59.01,No Discount,0,0,0,0,0,Low
1625,238,306,4,5,2024-04-16,2024,4,Apr,Tuesday,2,Product_306,Fashion,1974.6,1202.32,54,Male,Delhi,45+,3.6,7898.4,394.92,7503.48,4809.28,2694.2,35.91,5%,0,0,0,0,0,Low
1626,232,312,3,15,2024-11-14,2024,11,Nov,Thursday,4,Product_312,Home & Kitchen,1732.47,906.62,45,Female,Mumbai,45+,4.4,5197.41,779.6115,4417.7985,2719.86,1697.9384999999995,38.43,15%,0,0,0,0,0,Low
1627,211,309,5,0,2024-02-17,2024,2,Feb,Saturday,1,Product_309,Electronics,3344.14,2338.63,28,Male,Mumbai,25-34,2.9,16720.7,0.0,16720.7,11693.15,5027.549999999999,30.07,No Discount,1,0,0,1,65,High
1628,245,313,3,0,2024-03-01,2024,3,Mar,Friday,1,Product_313,Books,1073.88,440.2,42,Male,Hyderabad,35-44,3.5,3221.6400000000003,0.0,3221.6400000000003,1320.6,1901.0400000000004,59.01,No Discount,0,0,0,0,0,Low
1629,225,304,5,5,2024-12-02,2024,12,Dec,Monday,4,Product_304,Home & Kitchen,1824.42,868.74,50,Female,Bengaluru,45+,1.5,9122.1,456.105,8665.995,4343.7,4322.295000000001,49.88,5%,0,0,0,0,0,Low
1630,233,311,2,15,2024-01-26,2024,1,Jan,Friday,1,Product_311,Books,1957.07,1356.22,33,Male,Chennai,25-34,3.0,3914.14,587.121,3327.019,2712.44,614.5789999999997,18.47,15%,0,0,0,0,0,Low
1631,238,320,1,0,2024-10-18,2024,10,Oct,Friday,4,Product_320,Books,1328.19,767.44,54,Male,Delhi,45+,3.6,1328.19,0.0,1328.19,767.44,560.75,42.22,No Discount,0,0,0,0,0,Low
1632,241,318,3,15,2024-09-13,2024,9,Sep,Friday,3,Product_318,Books,1447.39,773.39,26,Female,Kolkata,25-34,1.5,4342.17,651.3255,3690.8445,2320.17,1370.6745,37.14,15%,0,0,0,0,0,Low
1633,208,311,3,0,2024-01-08,2024,1,Jan,Monday,1,Product_311,Books,1957.07,1356.22,36,Male,Kolkata,35-44,2.2,5871.21,0.0,5871.21,4068.66,1802.55,30.7,No Discount,0,0,0,0,0,Low
1634,211,304,5,0,2024-04-22,2024,4,Apr,Monday,2,Product_304,Home & Kitchen,1824.42,868.74,28,Male,Mumbai,25-34,2.9,9122.1,0.0,9122.1,4343.7,4778.400000000001,52.38,No Discount,0,0,0,0,0,Low
1635,222,318,2,10,2024-12-20,2024,12,Dec,Friday,4,Product_318,Books,1447.39,773.39,55,Female,Mumbai,45+,0.6,2894.78,289.478,2605.302,1546.78,1058.5220000000002,40.63,10%,0,0,0,0,0,Low
1636,224,301,2,0,2024-09-09,2024,9,Sep,Monday,3,Product_301,Books,1326.67,752.79,38,Male,Bengaluru,35-44,3.0,2653.34,0.0,2653.34,1505.58,1147.7600000000002,43.26,No Discount,0,0,0,0,0,Low
1637,241,307,5,0,2024-06-28,2024,6,Jun,Friday,2,Product_307,Books,4562.09,2799.67,26,Female,Kolkata,25-34,1.5,22810.45,0.0,22810.45,13998.35,8812.1,38.63,No Discount,1,0,0,1,65,High
1638,217,306,2,20,2024-07-25,2024,7,Jul,Thursday,3,Product_306,Fashion,1974.6,1202.32,39,Female,Ahmedabad,35-44,2.2,3949.2,789.84,3159.36,2404.64,754.7199999999998,23.89,20%,0,0,1,0,15,Low
1639,212,315,4,15,2024-10-29,2024,10,Oct,Tuesday,4,Product_315,Sports,2578.7,1522.22,41,Female,Kolkata,35-44,3.9,10314.8,1547.22,8767.58,6088.88,2678.7,30.55,15%,0,0,0,0,0,Low
1640,246,318,1,0,2024-05-06,2024,5,May,Monday,2,Product_318,Books,1447.39,773.39,31,Female,Bengaluru,25-34,0.6,1447.39,0.0,1447.39,773.39,674.0000000000001,46.57,No Discount,0,0,0,0,0,Low
1641,232,311,3,20,2024-02-25,2024,2,Feb,Sunday,1,Product_311,Books,1957.07,1356.22,45,Female,Mumbai,45+,4.4,5871.21,1174.242,4696.968,4068.66,628.308,13.38,20%,0,0,1,0,15,Low
1642,215,320,1,0,2024-08-01,2024,8,Aug,Thursday,3,Product_320,Books,1328.19,767.44,41,Female,Mumbai,35-44,3.9,1328.19,0.0,1328.19,767.44,560.75,42.22,No Discount,0,0,0,0,0,Low
1643,216,315,3,10,2024-01-14,2024,1,Jan,Sunday,1,Product_315,Sports,2578.7,1522.22,20,Female,Chennai,18-24,4.4,7736.099999999999,773.61,6962.49,4566.66,2395.83,34.41,10%,0,0,0,0,0,Low
1644,222,316,4,5,2024-01-28,2024,1,Jan,Sunday,1,Product_316,Books,3554.45,2147.64,55,Female,Mumbai,45+,0.6,14217.8,710.89,13506.91,8590.56,4916.35,36.4,5%,0,0,0,1,35,Medium
1645,228,307,2,10,2024-03-18,2024,3,Mar,Monday,1,Product_307,Books,4562.09,2799.67,61,Female,Hyderabad,45+,4.7,9124.18,912.418,8211.762,5599.34,2612.4220000000005,31.81,10%,0,0,0,0,0,Low
1646,220,310,5,20,2024-08-03,2024,8,Aug,Saturday,3,Product_310,Sports,302.45,145.19,61,Female,Bengaluru,45+,0.9,1512.25,302.45,1209.8,725.95,483.8499999999999,39.99,20%,0,0,1,0,15,Low
1647,233,312,4,0,2024-12-30,2024,12,Dec,Monday,4,Product_312,Home & Kitchen,1732.47,906.62,33,Male,Chennai,25-34,3.0,6929.88,0.0,6929.88,3626.48,3303.4,47.67,No Discount,0,0,0,0,0,Low
1648,210,314,1,0,2024-06-02,2024,6,Jun,Sunday,2,Product_314,Sports,2810.22,1415.01,28,Female,Mumbai,25-34,3.6,2810.22,0.0,2810.22,1415.01,1395.2099999999998,49.65,No Discount,0,0,0,0,0,Low
1649,240,305,5,20,2024-01-14,2024,1,Jan,Sunday,1,Product_305,Sports,873.81,414.24,38,Male,Ahmedabad,35-44,0.3,4369.049999999999,873.8099999999998,3495.24,2071.2,1424.0399999999995,40.74,20%,0,0,1,0,15,Low
1650,232,318,2,0,2024-07-05,2024,7,Jul,Friday,3,Product_318,Books,1447.39,773.39,45,Female,Mumbai,45+,4.4,2894.78,0.0,2894.78,1546.78,1348.0000000000002,46.57,No Discount,0,0,0,0,0,Low
1651,250,305,4,0,2024-11-07,2024,11,Nov,Thursday,4,Product_305,Sports,873.81,414.24,37,Female,Bengaluru,35-44,2.1,3495.24,0.0,3495.24,1656.96,1838.28,52.59,No Discount,0,0,0,0,0,Low
1652,233,303,5,15,2024-01-07,2024,1,Jan,Sunday,1,Product_303,Electronics,4451.42,1867.23,33,Male,Chennai,25-34,3.0,22257.1,3338.565,18918.535,9336.15,9582.385,50.65,15%,1,0,0,1,65,High
1653,202,305,4,0,2024-01-03,2024,1,Jan,Wednesday,1,Product_305,Sports,873.81,414.24,46,Male,Chennai,45+,2.4,3495.24,0.0,3495.24,1656.96,1838.28,52.59,No Discount,0,0,0,0,0,Low
1654,233,317,4,15,2024-04-20,2024,4,Apr,Saturday,2,Product_317,Sports,1566.24,875.97,33,Male,Chennai,25-34,3.0,6264.96,939.744,5325.216,3503.88,1821.336,34.2,15%,0,0,0,0,0,Low
1655,233,319,2,0,2024-08-25,2024,8,Aug,Sunday,3,Product_319,Fashion,1090.97,617.34,33,Male,Chennai,25-34,3.0,2181.94,0.0,2181.94,1234.68,947.26,43.41,No Discount,0,0,0,0,0,Low
1656,241,319,3,0,2024-12-28,2024,12,Dec,Saturday,4,Product_319,Fashion,1090.97,617.34,26,Female,Kolkata,25-34,1.5,3272.91,0.0,3272.91,1852.02,1420.89,43.41,No Discount,0,0,0,0,0,Low
1657,213,312,5,20,2024-08-26,2024,8,Aug,Monday,3,Product_312,Home & Kitchen,1732.47,906.62,53,Female,Mumbai,45+,2.6,8662.35,1732.47,6929.88,4533.1,2396.78,34.59,20%,0,0,1,0,15,Low
1658,230,309,2,5,2024-09-30,2024,9,Sep,Monday,3,Product_309,Electronics,3344.14,2338.63,44,Female,Kolkata,35-44,3.7,6688.28,334.414,6353.866,4677.26,1676.6059999999998,26.39,5%,0,0,0,0,0,Low
1659,233,301,4,0,2024-10-20,2024,10,Oct,Sunday,4,Product_301,Books,1326.67,752.79,33,Male,Chennai,25-34,3.0,5306.68,0.0,5306.68,3011.16,2295.5200000000004,43.26,No Discount,0,0,0,0,0,Low
1660,213,318,2,20,2024-08-14,2024,8,Aug,Wednesday,3,Product_318,Books,1447.39,773.39,53,Female,Mumbai,45+,2.6,2894.78,578.956,2315.824,1546.78,769.0440000000001,33.21,20%,0,0,1,0,15,Low
1661,226,304,3,5,2024-01-15,2024,1,Jan,Monday,1,Product_304,Home & Kitchen,1824.42,868.74,29,Female,Mumbai,25-34,3.5,5473.26,273.663,5199.597,2606.2200000000003,2593.3769999999995,49.88,5%,0,0,0,0,0,Low
1662,222,310,5,15,2024-07-10,2024,7,Jul,Wednesday,3,Product_310,Sports,302.45,145.19,55,Female,Mumbai,45+,0.6,1512.25,226.8375,1285.4125,725.95,559.4624999999999,43.52,15%,0,0,0,0,0,Low
1663,239,307,3,15,2024-04-28,2024,4,Apr,Sunday,2,Product_307,Books,4562.09,2799.67,24,Female,Mumbai,18-24,1.8,13686.27,2052.9405,11633.3295,8399.01,3234.3195,27.8,15%,0,0,0,0,0,Low
1664,202,301,1,0,2024-01-28,2024,1,Jan,Sunday,1,Product_301,Books,1326.67,752.79,46,Male,Chennai,45+,2.4,1326.67,0.0,1326.67,752.79,573.8800000000001,43.26,No Discount,0,0,0,0,0,Low
1665,238,317,5,20,2024-07-20,2024,7,Jul,Saturday,3,Product_317,Sports,1566.24,875.97,54,Male,Delhi,45+,3.6,7831.2,1566.24,6264.96,4379.85,1885.11,30.09,20%,0,0,1,0,15,Low
1666,239,302,3,0,2024-02-08,2024,2,Feb,Thursday,1,Product_302,Books,2257.6,1176.55,24,Female,Mumbai,18-24,1.8,6772.799999999999,0.0,6772.799999999999,3529.65,3243.15,47.88,No Discount,0,0,0,0,0,Low
1667,226,311,4,10,2024-09-29,2024,9,Sep,Sunday,3,Product_311,Books,1957.07,1356.22,29,Female,Mumbai,25-34,3.5,7828.28,782.828,7045.451999999999,5424.88,1620.5719999999992,23.0,10%,0,0,0,0,0,Low
1668,246,309,5,15,2024-08-18,2024,8,Aug,Sunday,3,Product_309,Electronics,3344.14,2338.63,31,Female,Bengaluru,25-34,0.6,16720.7,2508.105,14212.595,11693.15,2519.445,17.73,15%,0,0,0,1,35,Medium
1669,250,307,5,15,2024-03-26,2024,3,Mar,Tuesday,1,Product_307,Books,4562.09,2799.67,37,Female,Bengaluru,35-44,2.1,22810.45,3421.5675,19388.8825,13998.35,5390.532499999999,27.8,15%,1,0,0,1,65,High
1670,215,317,2,0,2024-05-05,2024,5,May,Sunday,2,Product_317,Sports,1566.24,875.97,41,Female,Mumbai,35-44,3.9,3132.48,0.0,3132.48,1751.94,1380.54,44.07,No Discount,0,0,0,0,0,Low
1671,234,317,4,5,2024-10-26,2024,10,Oct,Saturday,4,Product_317,Sports,1566.24,875.97,32,Female,Kolkata,25-34,0.4,6264.96,313.248,5951.712,3503.88,2447.8320000000003,41.13,5%,0,0,0,0,0,Low
1672,242,302,1,0,2024-01-25,2024,1,Jan,Thursday,1,Product_302,Books,2257.6,1176.55,56,Female,Kolkata,45+,2.0,2257.6,0.0,2257.6,1176.55,1081.05,47.88,No Discount,0,0,0,0,0,Low
1673,244,306,3,0,2024-05-24,2024,5,May,Friday,2,Product_306,Fashion,1974.6,1202.32,21,Female,Ahmedabad,18-24,3.1,5923.799999999999,0.0,5923.799999999999,3606.96,2316.8399999999992,39.11,No Discount,0,0,0,0,0,Low
1674,249,314,2,20,2024-01-13,2024,1,Jan,Saturday,1,Product_314,Sports,2810.22,1415.01,19,Female,Pune,18-24,2.8,5620.44,1124.088,4496.352,2830.02,1666.332,37.06,20%,0,0,1,0,15,Low
1675,240,306,3,0,2024-07-30,2024,7,Jul,Tuesday,3,Product_306,Fashion,1974.6,1202.32,38,Male,Ahmedabad,35-44,0.3,5923.799999999999,0.0,5923.799999999999,3606.96,2316.8399999999992,39.11,No Discount,0,0,0,0,0,Low
1676,211,302,1,0,2024-01-25,2024,1,Jan,Thursday,1,Product_302,Books,2257.6,1176.55,28,Male,Mumbai,25-34,2.9,2257.6,0.0,2257.6,1176.55,1081.05,47.88,No Discount,0,0,0,0,0,Low
1677,203,301,1,20,2024-03-08,2024,3,Mar,Friday,1,Product_301,Books,1326.67,752.79,32,Female,Chennai,25-34,0.2,1326.67,265.334,1061.336,752.79,308.54600000000005,29.07,20%,0,0,1,0,15,Low
1678,206,310,5,5,2024-03-07,2024,3,Mar,Thursday,1,Product_310,Sports,302.45,145.19,38,Male,Mumbai,35-44,3.2,1512.25,75.6125,1436.6375,725.95,710.6875,49.47,5%,0,0,0,0,0,Low
1679,209,305,1,15,2024-08-20,2024,8,Aug,Tuesday,3,Product_305,Sports,873.81,414.24,40,Male,Hyderabad,35-44,1.6,873.81,131.0715,742.7384999999999,414.24,328.4984999999999,44.23,15%,0,0,0,0,0,Low
1680,206,302,3,5,2024-04-18,2024,4,Apr,Thursday,2,Product_302,Books,2257.6,1176.55,38,Male,Mumbai,35-44,3.2,6772.799999999999,338.64,6434.159999999999,3529.65,2904.5099999999998,45.14,5%,0,0,0,0,0,Low
1681,209,316,4,15,2024-05-25,2024,5,May,Saturday,2,Product_316,Books,3554.45,2147.64,40,Male,Hyderabad,35-44,1.6,14217.8,2132.67,12085.13,8590.56,3494.57,28.92,15%,0,0,0,0,0,Low
1682,239,302,4,15,2024-04-20,2024,4,Apr,Saturday,2,Product_302,Books,2257.6,1176.55,24,Female,Mumbai,18-24,1.8,9030.4,1354.56,7675.84,4706.2,2969.6400000000003,38.69,15%,0,0,0,0,0,Low
1683,231,310,5,0,2024-08-15,2024,8,Aug,Thursday,3,Product_310,Sports,302.45,145.19,59,Female,Delhi,45+,1.1,1512.25,0.0,1512.25,725.95,786.3,52.0,No Discount,0,0,0,0,0,Low
1684,232,302,3,5,2024-04-20,2024,4,Apr,Saturday,2,Product_302,Books,2257.6,1176.55,45,Female,Mumbai,45+,4.4,6772.799999999999,338.64,6434.159999999999,3529.65,2904.5099999999998,45.14,5%,0,0,0,0,0,Low
1685,241,316,3,0,2024-02-03,2024,2,Feb,Saturday,1,Product_316,Books,3554.45,2147.64,26,Female,Kolkata,25-34,1.5,10663.35,0.0,10663.35,6442.92,4220.429999999999,39.58,No Discount,0,0,0,0,0,Low
1686,250,316,1,15,2024-04-20,2024,4,Apr,Saturday,2,Product_316,Books,3554.45,2147.64,37,Female,Bengaluru,35-44,2.1,3554.45,533.1675,3021.2825,2147.64,873.6424999999999,28.92,15%,0,0,0,0,0,Low
1687,212,319,3,10,2024-09-20,2024,9,Sep,Friday,3,Product_319,Fashion,1090.97,617.34,41,Female,Kolkata,35-44,3.9,3272.91,327.291,2945.619,1852.02,1093.5989999999997,37.13,10%,0,0,0,0,0,Low
1688,208,307,2,10,2024-08-23,2024,8,Aug,Friday,3,Product_307,Books,4562.09,2799.67,36,Male,Kolkata,35-44,2.2,9124.18,912.418,8211.762,5599.34,2612.4220000000005,31.81,10%,0,0,0,0,0,Low
1689,208,312,1,0,2024-03-23,2024,3,Mar,Saturday,1,Product_312,Home & Kitchen,1732.47,906.62,36,Male,Kolkata,35-44,2.2,1732.47,0.0,1732.47,906.62,825.85,47.67,No Discount,0,0,0,0,0,Low
1690,250,315,2,10,2024-02-11,2024,2,Feb,Sunday,1,Product_315,Sports,2578.7,1522.22,37,Female,Bengaluru,35-44,2.1,5157.4,515.74,4641.66,3044.44,1597.2199999999998,34.41,10%,0,0,0,0,0,Low
1691,228,308,5,0,2024-04-10,2024,4,Apr,Wednesday,2,Product_308,Electronics,1579.02,701.76,61,Female,Hyderabad,45+,4.7,7895.1,0.0,7895.1,3508.8,4386.3,55.56,No Discount,0,0,0,0,0,Low
1692,220,306,4,15,2024-01-06,2024,1,Jan,Saturday,1,Product_306,Fashion,1974.6,1202.32,61,Female,Bengaluru,45+,0.9,7898.4,1184.76,6713.639999999999,4809.28,1904.36,28.37,15%,0,0,0,0,0,Low
1693,247,310,5,0,2024-06-28,2024,6,Jun,Friday,2,Product_310,Sports,302.45,145.19,26,Male,Chennai,25-34,2.2,1512.25,0.0,1512.25,725.95,786.3,52.0,No Discount,0,0,0,0,0,Low
1694,207,303,4,5,2024-10-08,2024,10,Oct,Tuesday,4,Product_303,Electronics,4451.42,1867.23,56,Female,Hyderabad,45+,0.1,17805.68,890.284,16915.396,7468.92,9446.476,55.85,5%,1,0,0,1,65,High
1695,211,319,5,15,2024-11-15,2024,11,Nov,Friday,4,Product_319,Fashion,1090.97,617.34,28,Male,Mumbai,25-34,2.9,5454.85,818.2275,4636.6225,3086.7000000000003,1549.9225,33.43,15%,0,0,0,0,0,Low
1696,220,317,3,0,2024-08-13,2024,8,Aug,Tuesday,3,Product_317,Sports,1566.24,875.97,61,Female,Bengaluru,45+,0.9,4698.72,0.0,4698.72,2627.91,2070.8100000000004,44.07,No Discount,0,0,0,0,0,Low
1697,216,307,2,0,2024-11-10,2024,11,Nov,Sunday,4,Product_307,Books,4562.09,2799.67,20,Female,Chennai,18-24,4.4,9124.18,0.0,9124.18,5599.34,3524.84,38.63,No Discount,0,0,0,0,0,Low
1698,204,320,4,5,2024-12-30,2024,12,Dec,Monday,4,Product_320,Books,1328.19,767.44,60,Male,Chennai,45+,3.3,5312.76,265.63800000000003,5047.122,3069.76,1977.362,39.18,5%,0,0,0,0,0,Low
1699,206,304,1,0,2024-08-16,2024,8,Aug,Friday,3,Product_304,Home & Kitchen,1824.42,868.74,38,Male,Mumbai,35-44,3.2,1824.42,0.0,1824.42,868.74,955.68,52.38,No Discount,0,0,0,0,0,Low
1700,222,314,2,15,2024-10-15,2024,10,Oct,Tuesday,4,Product_314,Sports,2810.22,1415.01,55,Female,Mumbai,45+,0.6,5620.44,843.0659999999999,4777.374,2830.02,1947.354,40.76,15%,0,0,0,0,0,Low
1701,226,320,1,5,2024-05-29,2024,5,May,Wednesday,2,Product_320,Books,1328.19,767.44,29,Female,Mumbai,25-34,3.5,1328.19,66.40950000000001,1261.7805,767.44,494.3405,39.18,5%,0,0,0,0,0,Low
1702,203,315,2,10,2024-10-03,2024,10,Oct,Thursday,4,Product_315,Sports,2578.7,1522.22,32,Female,Chennai,25-34,0.2,5157.4,515.74,4641.66,3044.44,1597.2199999999998,34.41,10%,0,0,0,0,0,Low
1703,241,308,2,0,2024-07-16,2024,7,Jul,Tuesday,3,Product_308,Electronics,1579.02,701.76,26,Female,Kolkata,25-34,1.5,3158.04,0.0,3158.04,1403.52,1754.52,55.56,No Discount,0,0,0,0,0,Low
1704,242,315,5,15,2024-03-10,2024,3,Mar,Sunday,1,Product_315,Sports,2578.7,1522.22,56,Female,Kolkata,45+,2.0,12893.5,1934.025,10959.475,7611.1,3348.375,30.55,15%,0,0,0,0,0,Low
1705,214,320,4,0,2024-04-21,2024,4,Apr,Sunday,2,Product_320,Books,1328.19,767.44,57,Female,Ahmedabad,45+,2.8,5312.76,0.0,5312.76,3069.76,2243.0,42.22,No Discount,0,0,0,0,0,Low
1706,211,314,4,5,2024-01-04,2024,1,Jan,Thursday,1,Product_314,Sports,2810.22,1415.01,28,Male,Mumbai,25-34,2.9,11240.88,562.044,10678.836,5660.04,5018.795999999999,47.0,5%,0,0,0,0,0,Low
1707,218,309,2,5,2024-12-15,2024,12,Dec,Sunday,4,Product_309,Electronics,3344.14,2338.63,19,Female,Ahmedabad,18-24,0.7,6688.28,334.414,6353.866,4677.26,1676.6059999999998,26.39,5%,0,0,0,0,0,Low
1708,212,308,3,20,2024-11-26,2024,11,Nov,Tuesday,4,Product_308,Electronics,1579.02,701.76,41,Female,Kolkata,35-44,3.9,4737.06,947.4119999999998,3789.648,2105.28,1684.368,44.45,20%,0,0,1,0,15,Low
1709,223,317,3,15,2024-11-13,2024,11,Nov,Wednesday,4,Product_317,Sports,1566.24,875.97,19,Male,Ahmedabad,18-24,2.6,4698.72,704.808,3993.912,2627.91,1366.0020000000004,34.2,15%,0,0,0,0,0,Low
1710,212,302,1,15,2024-12-15,2024,12,Dec,Sunday,4,Product_302,Books,2257.6,1176.55,41,Female,Kolkata,35-44,3.9,2257.6,338.64,1918.96,1176.55,742.4100000000001,38.69,15%,0,0,0,0,0,Low
1711,213,303,1,0,2024-04-04,2024,4,Apr,Thursday,2,Product_303,Electronics,4451.42,1867.23,53,Female,Mumbai,45+,2.6,4451.42,0.0,4451.42,1867.23,2584.19,58.05,No Discount,0,0,0,0,0,Low
1712,225,308,5,20,2024-05-31,2024,5,May,Friday,2,Product_308,Electronics,1579.02,701.76,50,Female,Bengaluru,45+,1.5,7895.1,1579.02,6316.08,3508.8,2807.28,44.45,20%,0,0,1,0,15,Low
1713,245,312,2,10,2024-11-06,2024,11,Nov,Wednesday,4,Product_312,Home & Kitchen,1732.47,906.62,42,Male,Hyderabad,35-44,3.5,3464.94,346.494,3118.446,1813.24,1305.206,41.85,10%,0,0,0,0,0,Low
1714,219,301,1,0,2024-05-16,2024,5,May,Thursday,2,Product_301,Books,1326.67,752.79,41,Female,Kolkata,35-44,2.6,1326.67,0.0,1326.67,752.79,573.8800000000001,43.26,No Discount,0,0,0,0,0,Low
1715,246,310,1,20,2024-09-03,2024,9,Sep,Tuesday,3,Product_310,Sports,302.45,145.19,31,Female,Bengaluru,25-34,0.6,302.45,60.49,241.96,145.19,96.76999999999998,39.99,20%,0,0,1,0,15,Low
1716,236,320,2,0,2024-08-30,2024,8,Aug,Friday,3,Product_320,Books,1328.19,767.44,61,Female,Ahmedabad,45+,3.5,2656.38,0.0,2656.38,1534.88,1121.5,42.22,No Discount,0,0,0,0,0,Low
1717,245,303,5,10,2024-01-31,2024,1,Jan,Wednesday,1,Product_303,Electronics,4451.42,1867.23,42,Male,Hyderabad,35-44,3.5,22257.1,2225.71,20031.39,9336.15,10695.24,53.39,10%,1,0,0,1,65,High
1718,208,306,1,20,2024-02-09,2024,2,Feb,Friday,1,Product_306,Fashion,1974.6,1202.32,36,Male,Kolkata,35-44,2.2,1974.6,394.92,1579.6799999999998,1202.32,377.3599999999999,23.89,20%,0,0,1,0,15,Low
1719,229,307,5,20,2024-08-16,2024,8,Aug,Friday,3,Product_307,Books,4562.09,2799.67,42,Female,Delhi,35-44,0.2,22810.45,4562.09,18248.36,13998.35,4250.01,23.29,20%,1,0,1,1,80,High
1720,232,320,4,0,2024-02-05,2024,2,Feb,Monday,1,Product_320,Books,1328.19,767.44,45,Female,Mumbai,45+,4.4,5312.76,0.0,5312.76,3069.76,2243.0,42.22,No Discount,0,0,0,0,0,Low
1721,244,318,5,0,2024-08-10,2024,8,Aug,Saturday,3,Product_318,Books,1447.39,773.39,21,Female,Ahmedabad,18-24,3.1,7236.950000000001,0.0,7236.950000000001,3866.95,3370.000000000001,46.57,No Discount,0,0,0,0,0,Low
1722,218,311,3,0,2024-01-06,2024,1,Jan,Saturday,1,Product_311,Books,1957.07,1356.22,19,Female,Ahmedabad,18-24,0.7,5871.21,0.0,5871.21,4068.66,1802.55,30.7,No Discount,0,0,0,0,0,Low
1723,206,319,3,5,2024-11-17,2024,11,Nov,Sunday,4,Product_319,Fashion,1090.97,617.34,38,Male,Mumbai,35-44,3.2,3272.91,163.6455,3109.2645,1852.02,1257.2444999999998,40.44,5%,0,0,0,0,0,Low
1724,218,305,5,10,2024-08-07,2024,8,Aug,Wednesday,3,Product_305,Sports,873.81,414.24,19,Female,Ahmedabad,18-24,0.7,4369.049999999999,436.9049999999999,3932.145,2071.2,1860.945,47.33,10%,0,0,0,0,0,Low
1725,219,319,3,0,2024-03-15,2024,3,Mar,Friday,1,Product_319,Fashion,1090.97,617.34,41,Female,Kolkata,35-44,2.6,3272.91,0.0,3272.91,1852.02,1420.89,43.41,No Discount,0,0,0,0,0,Low
1726,222,311,4,0,2024-01-04,2024,1,Jan,Thursday,1,Product_311,Books,1957.07,1356.22,55,Female,Mumbai,45+,0.6,7828.28,0.0,7828.28,5424.88,2403.4,30.7,No Discount,0,0,0,0,0,Low
1727,237,312,2,20,2024-11-30,2024,11,Nov,Saturday,4,Product_312,Home & Kitchen,1732.47,906.62,20,Female,Chennai,18-24,2.1,3464.94,692.988,2771.952,1813.24,958.7120000000002,34.59,20%,0,0,1,0,15,Low
1728,232,310,3,20,2024-05-13,2024,5,May,Monday,2,Product_310,Sports,302.45,145.19,45,Female,Mumbai,45+,4.4,907.35,181.47,725.8799999999999,435.57,290.3099999999999,39.99,20%,0,0,1,0,15,Low
1729,241,308,3,20,2024-04-27,2024,4,Apr,Saturday,2,Product_308,Electronics,1579.02,701.76,26,Female,Kolkata,25-34,1.5,4737.06,947.4119999999998,3789.648,2105.28,1684.368,44.45,20%,0,0,1,0,15,Low
1730,203,309,5,0,2024-04-03,2024,4,Apr,Wednesday,2,Product_309,Electronics,3344.14,2338.63,32,Female,Chennai,25-34,0.2,16720.7,0.0,16720.7,11693.15,5027.549999999999,30.07,No Discount,1,0,0,1,65,High
1731,228,304,4,20,2024-03-02,2024,3,Mar,Saturday,1,Product_304,Home & Kitchen,1824.42,868.74,61,Female,Hyderabad,45+,4.7,7297.68,1459.536,5838.144,3474.96,2363.184,40.48,20%,0,0,1,0,15,Low
1732,210,305,2,20,2024-07-12,2024,7,Jul,Friday,3,Product_305,Sports,873.81,414.24,28,Female,Mumbai,25-34,3.6,1747.62,349.52399999999994,1398.096,828.48,569.616,40.74,20%,0,0,1,0,15,Low
1733,235,308,5,10,2024-11-30,2024,11,Nov,Saturday,4,Product_308,Electronics,1579.02,701.76,64,Male,Mumbai,45+,1.7,7895.1,789.51,7105.59,3508.8,3596.79,50.62,10%,0,0,0,0,0,Low
1734,229,309,5,15,2024-07-21,2024,7,Jul,Sunday,3,Product_309,Electronics,3344.14,2338.63,42,Female,Delhi,35-44,0.2,16720.7,2508.105,14212.595,11693.15,2519.445,17.73,15%,0,0,0,0,0,Low
1735,215,315,4,15,2024-01-26,2024,1,Jan,Friday,1,Product_315,Sports,2578.7,1522.22,41,Female,Mumbai,35-44,3.9,10314.8,1547.22,8767.58,6088.88,2678.7,30.55,15%,0,0,0,1,35,Medium
1736,233,315,2,5,2024-06-21,2024,6,Jun,Friday,2,Product_315,Sports,2578.7,1522.22,33,Male,Chennai,25-34,3.0,5157.4,257.87,4899.53,3044.44,1855.09,37.86,5%,0,0,0,0,0,Low
1737,207,316,4,5,2024-10-26,2024,10,Oct,Saturday,4,Product_316,Books,3554.45,2147.64,56,Female,Hyderabad,45+,0.1,14217.8,710.89,13506.91,8590.56,4916.35,36.4,5%,0,0,0,1,35,Medium
1738,212,314,2,20,2024-05-12,2024,5,May,Sunday,2,Product_314,Sports,2810.22,1415.01,41,Female,Kolkata,35-44,3.9,5620.44,1124.088,4496.352,2830.02,1666.332,37.06,20%,0,0,1,0,15,Low
1739,249,308,4,10,2024-11-21,2024,11,Nov,Thursday,4,Product_308,Electronics,1579.02,701.76,19,Female,Pune,18-24,2.8,6316.08,631.6080000000001,5684.472,2807.04,2877.432,50.62,10%,0,0,0,0,0,Low
1740,230,318,5,20,2024-04-27,2024,4,Apr,Saturday,2,Product_318,Books,1447.39,773.39,44,Female,Kolkata,35-44,3.7,7236.950000000001,1447.39,5789.56,3866.95,1922.6100000000008,33.21,20%,0,0,1,0,15,Low
1741,221,310,5,5,2024-11-19,2024,11,Nov,Tuesday,4,Product_310,Sports,302.45,145.19,47,Female,Bengaluru,45+,0.3,1512.25,75.6125,1436.6375,725.95,710.6875,49.47,5%,0,0,0,0,0,Low
1742,231,320,1,0,2024-10-01,2024,10,Oct,Tuesday,4,Product_320,Books,1328.19,767.44,59,Female,Delhi,45+,1.1,1328.19,0.0,1328.19,767.44,560.75,42.22,No Discount,0,0,0,0,0,Low
1743,224,306,3,0,2024-07-30,2024,7,Jul,Tuesday,3,Product_306,Fashion,1974.6,1202.32,38,Male,Bengaluru,35-44,3.0,5923.799999999999,0.0,5923.799999999999,3606.96,2316.8399999999992,39.11,No Discount,0,0,0,0,0,Low
1744,220,312,4,0,2024-08-12,2024,8,Aug,Monday,3,Product_312,Home & Kitchen,1732.47,906.62,61,Female,Bengaluru,45+,0.9,6929.88,0.0,6929.88,3626.48,3303.4,47.67,No Discount,0,0,0,0,0,Low
1745,237,302,1,15,2024-01-20,2024,1,Jan,Saturday,1,Product_302,Books,2257.6,1176.55,20,Female,Chennai,18-24,2.1,2257.6,338.64,1918.96,1176.55,742.4100000000001,38.69,15%,0,0,0,0,0,Low
1746,204,307,3,10,2024-04-22,2024,4,Apr,Monday,2,Product_307,Books,4562.09,2799.67,60,Male,Chennai,45+,3.3,13686.27,1368.6270000000002,12317.643,8399.01,3918.633,31.81,10%,0,0,0,0,0,Low
1747,228,316,4,0,2024-05-19,2024,5,May,Sunday,2,Product_316,Books,3554.45,2147.64,61,Female,Hyderabad,45+,4.7,14217.8,0.0,14217.8,8590.56,5627.24,39.58,No Discount,0,0,0,1,35,Medium
1748,244,303,2,15,2024-02-16,2024,2,Feb,Friday,1,Product_303,Electronics,4451.42,1867.23,21,Female,Ahmedabad,18-24,3.1,8902.84,1335.4260000000002,7567.414,3734.46,3832.954,50.65,15%,0,0,0,0,0,Low
1749,220,313,3,0,2024-01-01,2024,1,Jan,Monday,1,Product_313,Books,1073.88,440.2,61,Female,Bengaluru,45+,0.9,3221.6400000000003,0.0,3221.6400000000003,1320.6,1901.0400000000004,59.01,No Discount,0,0,0,0,0,Low
1750,224,303,5,0,2024-03-30,2024,3,Mar,Saturday,1,Product_303,Electronics,4451.42,1867.23,38,Male,Bengaluru,35-44,3.0,22257.1,0.0,22257.1,9336.15,12920.95,58.05,No Discount,1,0,0,1,65,High
1751,250,318,1,0,2024-05-21,2024,5,May,Tuesday,2,Product_318,Books,1447.39,773.39,37,Female,Bengaluru,35-44,2.1,1447.39,0.0,1447.39,773.39,674.0000000000001,46.57,No Discount,0,0,0,0,0,Low
1752,249,311,3,20,2024-11-15,2024,11,Nov,Friday,4,Product_311,Books,1957.07,1356.22,19,Female,Pune,18-24,2.8,5871.21,1174.242,4696.968,4068.66,628.308,13.38,20%,0,0,1,0,15,Low
1753,232,308,3,5,2024-02-07,2024,2,Feb,Wednesday,1,Product_308,Electronics,1579.02,701.76,45,Female,Mumbai,45+,4.4,4737.06,236.85299999999995,4500.206999999999,2105.28,2394.927,53.22,5%,0,0,0,0,0,Low
1754,241,306,5,0,2024-10-19,2024,10,Oct,Saturday,4,Product_306,Fashion,1974.6,1202.32,26,Female,Kolkata,25-34,1.5,9873.0,0.0,9873.0,6011.599999999999,3861.400000000001,39.11,No Discount,0,0,0,0,0,Low
1755,236,301,4,0,2024-05-18,2024,5,May,Saturday,2,Product_301,Books,1326.67,752.79,61,Female,Ahmedabad,45+,3.5,5306.68,0.0,5306.68,3011.16,2295.5200000000004,43.26,No Discount,0,0,0,0,0,Low
1756,234,301,2,0,2024-12-21,2024,12,Dec,Saturday,4,Product_301,Books,1326.67,752.79,32,Female,Kolkata,25-34,0.4,2653.34,0.0,2653.34,1505.58,1147.7600000000002,43.26,No Discount,0,0,0,0,0,Low
1757,236,308,5,5,2024-11-28,2024,11,Nov,Thursday,4,Product_308,Electronics,1579.02,701.76,61,Female,Ahmedabad,45+,3.5,7895.1,394.755,7500.345,3508.8,3991.545,53.22,5%,0,0,0,0,0,Low
1758,202,305,2,0,2024-09-15,2024,9,Sep,Sunday,3,Product_305,Sports,873.81,414.24,46,Male,Chennai,45+,2.4,1747.62,0.0,1747.62,828.48,919.14,52.59,No Discount,0,0,0,0,0,Low
1759,215,316,4,15,2024-06-09,2024,6,Jun,Sunday,2,Product_316,Books,3554.45,2147.64,41,Female,Mumbai,35-44,3.9,14217.8,2132.67,12085.13,8590.56,3494.57,28.92,15%,0,0,0,1,35,Medium
1760,234,311,3,0,2024-06-26,2024,6,Jun,Wednesday,2,Product_311,Books,1957.07,1356.22,32,Female,Kolkata,25-34,0.4,5871.21,0.0,5871.21,4068.66,1802.55,30.7,No Discount,0,0,0,0,0,Low
1761,236,305,2,5,2024-01-10,2024,1,Jan,Wednesday,1,Product_305,Sports,873.81,414.24,61,Female,Ahmedabad,45+,3.5,1747.62,87.38099999999999,1660.2389999999998,828.48,831.7589999999998,50.1,5%,0,0,0,0,0,Low
1762,206,304,1,20,2024-09-17,2024,9,Sep,Tuesday,3,Product_304,Home & Kitchen,1824.42,868.74,38,Male,Mumbai,35-44,3.2,1824.42,364.884,1459.536,868.74,590.796,40.48,20%,0,0,1,0,15,Low
1763,239,306,1,10,2024-05-17,2024,5,May,Friday,2,Product_306,Fashion,1974.6,1202.32,24,Female,Mumbai,18-24,1.8,1974.6,197.46,1777.14,1202.32,574.8199999999999,32.35,10%,0,0,0,0,0,Low
1764,242,314,5,5,2024-06-20,2024,6,Jun,Thursday,2,Product_314,Sports,2810.22,1415.01,56,Female,Kolkata,45+,2.0,14051.1,702.555,13348.544999999998,7075.05,6273.494999999998,47.0,5%,0,0,0,0,0,Low
1765,212,319,4,0,2024-01-13,2024,1,Jan,Saturday,1,Product_319,Fashion,1090.97,617.34,41,Female,Kolkata,35-44,3.9,4363.88,0.0,4363.88,2469.36,1894.52,43.41,No Discount,0,0,0,0,0,Low
1766,203,309,5,10,2024-06-16,2024,6,Jun,Sunday,2,Product_309,Electronics,3344.14,2338.63,32,Female,Chennai,25-34,0.2,16720.7,1672.07,15048.63,11693.15,3355.48,22.3,10%,0,0,0,1,35,Medium
1767,245,312,5,15,2024-05-09,2024,5,May,Thursday,2,Product_312,Home & Kitchen,1732.47,906.62,42,Male,Hyderabad,35-44,3.5,8662.35,1299.3525,7362.9975,4533.1,2829.8975,38.43,15%,0,0,0,0,0,Low
1768,218,311,5,0,2024-03-24,2024,3,Mar,Sunday,1,Product_311,Books,1957.07,1356.22,19,Female,Ahmedabad,18-24,0.7,9785.35,0.0,9785.35,6781.1,3004.25,30.7,No Discount,0,0,0,0,0,Low
1769,240,314,1,5,2024-11-16,2024,11,Nov,Saturday,4,Product_314,Sports,2810.22,1415.01,38,Male,Ahmedabad,35-44,0.3,2810.22,140.511,2669.709,1415.01,1254.6989999999998,47.0,5%,0,0,0,0,0,Low
1770,221,316,1,20,2024-11-14,2024,11,Nov,Thursday,4,Product_316,Books,3554.45,2147.64,47,Female,Bengaluru,45+,0.3,3554.45,710.89,2843.56,2147.64,695.9200000000001,24.47,20%,0,0,1,0,15,Low
1771,215,301,5,0,2024-04-10,2024,4,Apr,Wednesday,2,Product_301,Books,1326.67,752.79,41,Female,Mumbai,35-44,3.9,6633.35,0.0,6633.35,3763.95,2869.4000000000005,43.26,No Discount,0,0,0,0,0,Low
1772,233,313,1,15,2024-11-24,2024,11,Nov,Sunday,4,Product_313,Books,1073.88,440.2,33,Male,Chennai,25-34,3.0,1073.88,161.082,912.798,440.2,472.5980000000001,51.77,15%,0,0,0,0,0,Low
1773,235,313,4,10,2024-09-29,2024,9,Sep,Sunday,3,Product_313,Books,1073.88,440.2,64,Male,Mumbai,45+,1.7,4295.52,429.552,3865.968,1760.8,2105.1680000000006,54.45,10%,0,0,0,0,0,Low
1774,226,302,5,15,2024-09-21,2024,9,Sep,Saturday,3,Product_302,Books,2257.6,1176.55,29,Female,Mumbai,25-34,3.5,11288.0,1693.2,9594.8,5882.75,3712.0499999999993,38.69,15%,0,0,0,0,0,Low
1775,208,304,1,5,2024-02-07,2024,2,Feb,Wednesday,1,Product_304,Home & Kitchen,1824.42,868.74,36,Male,Kolkata,35-44,2.2,1824.42,91.221,1733.199,868.74,864.4590000000001,49.88,5%,0,0,0,0,0,Low
1776,236,306,2,0,2024-04-03,2024,4,Apr,Wednesday,2,Product_306,Fashion,1974.6,1202.32,61,Female,Ahmedabad,45+,3.5,3949.2,0.0,3949.2,2404.64,1544.56,39.11,No Discount,0,0,0,0,0,Low
1777,248,305,5,20,2024-04-04,2024,4,Apr,Thursday,2,Product_305,Sports,873.81,414.24,43,Male,Ahmedabad,35-44,3.2,4369.049999999999,873.8099999999998,3495.24,2071.2,1424.0399999999995,40.74,20%,0,0,1,0,15,Low
1778,230,303,5,5,2024-10-31,2024,10,Oct,Thursday,4,Product_303,Electronics,4451.42,1867.23,44,Female,Kolkata,35-44,3.7,22257.1,1112.855,21144.245,9336.15,11808.095,55.85,5%,1,0,0,1,65,High
1779,223,301,4,0,2024-03-09,2024,3,Mar,Saturday,1,Product_301,Books,1326.67,752.79,19,Male,Ahmedabad,18-24,2.6,5306.68,0.0,5306.68,3011.16,2295.5200000000004,43.26,No Discount,0,0,0,0,0,Low
1780,242,304,3,5,2024-11-13,2024,11,Nov,Wednesday,4,Product_304,Home & Kitchen,1824.42,868.74,56,Female,Kolkata,45+,2.0,5473.26,273.663,5199.597,2606.2200000000003,2593.3769999999995,49.88,5%,0,0,0,0,0,Low
1781,244,320,3,10,2024-08-23,2024,8,Aug,Friday,3,Product_320,Books,1328.19,767.44,21,Female,Ahmedabad,18-24,3.1,3984.57,398.4570000000001,3586.1130000000003,2302.32,1283.793,35.8,10%,0,0,0,0,0,Low
1782,214,302,4,10,2024-11-29,2024,11,Nov,Friday,4,Product_302,Books,2257.6,1176.55,57,Female,Ahmedabad,45+,2.8,9030.4,903.04,8127.36,4706.2,3421.16,42.09,10%,0,0,0,0,0,Low
1783,214,305,4,5,2024-05-16,2024,5,May,Thursday,2,Product_305,Sports,873.81,414.24,57,Female,Ahmedabad,45+,2.8,3495.24,174.76199999999997,3320.478,1656.96,1663.5179999999996,50.1,5%,0,0,0,0,0,Low
1784,202,303,4,10,2024-03-16,2024,3,Mar,Saturday,1,Product_303,Electronics,4451.42,1867.23,46,Male,Chennai,45+,2.4,17805.68,1780.568,16025.112,7468.92,8556.192000000001,53.39,10%,1,0,0,1,65,High
1785,237,309,3,0,2024-02-04,2024,2,Feb,Sunday,1,Product_309,Electronics,3344.14,2338.63,20,Female,Chennai,18-24,2.1,10032.42,0.0,10032.42,7015.89,3016.53,30.07,No Discount,0,0,0,0,0,Low
1786,205,320,4,15,2024-01-01,2024,1,Jan,Monday,1,Product_320,Books,1328.19,767.44,25,Female,Hyderabad,25-34,0.9,5312.76,796.9140000000001,4515.8460000000005,3069.76,1446.0860000000002,32.02,15%,0,0,0,0,0,Low
1787,238,306,1,5,2024-10-22,2024,10,Oct,Tuesday,4,Product_306,Fashion,1974.6,1202.32,54,Male,Delhi,45+,3.6,1974.6,98.73,1875.87,1202.32,673.55,35.91,5%,0,0,0,0,0,Low
1788,245,318,5,20,2024-11-15,2024,11,Nov,Friday,4,Product_318,Books,1447.39,773.39,42,Male,Hyderabad,35-44,3.5,7236.950000000001,1447.39,5789.56,3866.95,1922.6100000000008,33.21,20%,0,0,1,0,15,Low
1789,241,306,5,0,2024-02-29,2024,2,Feb,Thursday,1,Product_306,Fashion,1974.6,1202.32,26,Female,Kolkata,25-34,1.5,9873.0,0.0,9873.0,6011.599999999999,3861.400000000001,39.11,No Discount,0,0,0,0,0,Low
1790,247,319,2,15,2024-11-15,2024,11,Nov,Friday,4,Product_319,Fashion,1090.97,617.34,26,Male,Chennai,25-34,2.2,2181.94,327.291,1854.649,1234.68,619.969,33.43,15%,0,0,0,0,0,Low
1791,214,312,2,20,2024-12-14,2024,12,Dec,Saturday,4,Product_312,Home & Kitchen,1732.47,906.62,57,Female,Ahmedabad,45+,2.8,3464.94,692.988,2771.952,1813.24,958.7120000000002,34.59,20%,0,0,1,0,15,Low
1792,239,311,5,20,2024-11-23,2024,11,Nov,Saturday,4,Product_311,Books,1957.07,1356.22,24,Female,Mumbai,18-24,1.8,9785.35,1957.07,7828.280000000001,6781.1,1047.1800000000003,13.38,20%,0,0,1,0,15,Low
1793,225,302,1,20,2024-09-23,2024,9,Sep,Monday,3,Product_302,Books,2257.6,1176.55,50,Female,Bengaluru,45+,1.5,2257.6,451.52,1806.08,1176.55,629.53,34.86,20%,0,0,1,0,15,Low
1794,220,315,3,15,2024-12-26,2024,12,Dec,Thursday,4,Product_315,Sports,2578.7,1522.22,61,Female,Bengaluru,45+,0.9,7736.099999999999,1160.415,6575.685,4566.66,2009.025,30.55,15%,0,0,0,0,0,Low
1795,202,312,3,0,2024-08-16,2024,8,Aug,Friday,3,Product_312,Home & Kitchen,1732.47,906.62,46,Male,Chennai,45+,2.4,5197.41,0.0,5197.41,2719.86,2477.55,47.67,No Discount,0,0,0,0,0,Low
1796,239,312,1,20,2024-09-26,2024,9,Sep,Thursday,3,Product_312,Home & Kitchen,1732.47,906.62,24,Female,Mumbai,18-24,1.8,1732.47,346.494,1385.976,906.62,479.3560000000001,34.59,20%,0,0,1,0,15,Low
1797,206,309,3,20,2024-11-11,2024,11,Nov,Monday,4,Product_309,Electronics,3344.14,2338.63,38,Male,Mumbai,35-44,3.2,10032.42,2006.484,8025.936,7015.89,1010.0459999999994,12.58,20%,0,0,1,0,15,Low
1798,217,302,4,0,2024-10-12,2024,10,Oct,Saturday,4,Product_302,Books,2257.6,1176.55,39,Female,Ahmedabad,35-44,2.2,9030.4,0.0,9030.4,4706.2,4324.2,47.88,No Discount,0,0,0,0,0,Low
1799,225,303,5,5,2024-10-17,2024,10,Oct,Thursday,4,Product_303,Electronics,4451.42,1867.23,50,Female,Bengaluru,45+,1.5,22257.1,1112.855,21144.245,9336.15,11808.095,55.85,5%,1,0,0,1,65,High
1800,228,312,5,15,2024-07-31,2024,7,Jul,Wednesday,3,Product_312,Home & Kitchen,1732.47,906.62,61,Female,Hyderabad,45+,4.7,8662.35,1299.3525,7362.9975,4533.1,2829.8975,38.43,15%,0,0,0,0,0,Low
1801,202,316,1,15,2024-06-13,2024,6,Jun,Thursday,2,Product_316,Books,3554.45,2147.64,46,Male,Chennai,45+,2.4,3554.45,533.1675,3021.2825,2147.64,873.6424999999999,28.92,15%,0,0,0,0,0,Low
1802,235,301,3,10,2024-01-05,2024,1,Jan,Friday,1,Product_301,Books,1326.67,752.79,64,Male,Mumbai,45+,1.7,3980.01,398.001,3582.009,2258.37,1323.639,36.95,10%,0,0,0,0,0,Low
1803,237,303,2,15,2024-12-04,2024,12,Dec,Wednesday,4,Product_303,Electronics,4451.42,1867.23,20,Female,Chennai,18-24,2.1,8902.84,1335.4260000000002,7567.414,3734.46,3832.954,50.65,15%,0,0,0,0,0,Low
1804,205,320,2,0,2024-03-18,2024,3,Mar,Monday,1,Product_320,Books,1328.19,767.44,25,Female,Hyderabad,25-34,0.9,2656.38,0.0,2656.38,1534.88,1121.5,42.22,No Discount,0,0,0,0,0,Low
1805,201,302,3,15,2024-03-02,2024,3,Mar,Saturday,1,Product_302,Books,2257.6,1176.55,56,Female,Mumbai,45+,0.7,6772.799999999999,1015.9199999999998,5756.879999999999,3529.65,2227.23,38.69,15%,0,0,0,0,0,Low
1806,240,309,2,0,2024-05-11,2024,5,May,Saturday,2,Product_309,Electronics,3344.14,2338.63,38,Male,Ahmedabad,35-44,0.3,6688.28,0.0,6688.28,4677.26,2011.0199999999995,30.07,No Discount,0,0,0,0,0,Low
1807,212,319,1,5,2024-03-29,2024,3,Mar,Friday,1,Product_319,Fashion,1090.97,617.34,41,Female,Kolkata,35-44,3.9,1090.97,54.5485,1036.4215,617.34,419.0814999999999,40.44,5%,0,0,0,0,0,Low
1808,236,315,1,5,2024-08-24,2024,8,Aug,Saturday,3,Product_315,Sports,2578.7,1522.22,61,Female,Ahmedabad,45+,3.5,2578.7,128.935,2449.765,1522.22,927.5449999999998,37.86,5%,0,0,0,0,0,Low
1809,245,318,3,15,2024-02-11,2024,2,Feb,Sunday,1,Product_318,Books,1447.39,773.39,42,Male,Hyderabad,35-44,3.5,4342.17,651.3255,3690.8445,2320.17,1370.6745,37.14,15%,0,0,0,0,0,Low
1810,223,311,2,20,2024-03-29,2024,3,Mar,Friday,1,Product_311,Books,1957.07,1356.22,19,Male,Ahmedabad,18-24,2.6,3914.14,782.828,3131.312,2712.44,418.87199999999984,13.38,20%,0,0,1,0,15,Low
1811,247,316,1,0,2024-10-22,2024,10,Oct,Tuesday,4,Product_316,Books,3554.45,2147.64,26,Male,Chennai,25-34,2.2,3554.45,0.0,3554.45,2147.64,1406.81,39.58,No Discount,0,0,0,0,0,Low
1812,231,317,1,0,2024-11-23,2024,11,Nov,Saturday,4,Product_317,Sports,1566.24,875.97,59,Female,Delhi,45+,1.1,1566.24,0.0,1566.24,875.97,690.27,44.07,No Discount,0,0,0,0,0,Low
1813,211,305,4,20,2024-10-21,2024,10,Oct,Monday,4,Product_305,Sports,873.81,414.24,28,Male,Mumbai,25-34,2.9,3495.24,699.0479999999999,2796.192,1656.96,1139.232,40.74,20%,0,0,1,0,15,Low
1814,210,312,4,20,2024-04-13,2024,4,Apr,Saturday,2,Product_312,Home & Kitchen,1732.47,906.62,28,Female,Mumbai,25-34,3.6,6929.88,1385.976,5543.904,3626.48,1917.4240000000004,34.59,20%,0,0,1,0,15,Low
1815,203,311,1,20,2024-01-14,2024,1,Jan,Sunday,1,Product_311,Books,1957.07,1356.22,32,Female,Chennai,25-34,0.2,1957.07,391.414,1565.656,1356.22,209.43599999999992,13.38,20%,0,0,1,0,15,Low
1816,214,315,3,0,2024-10-14,2024,10,Oct,Monday,4,Product_315,Sports,2578.7,1522.22,57,Female,Ahmedabad,45+,2.8,7736.099999999999,0.0,7736.099999999999,4566.66,3169.44,40.97,No Discount,0,0,0,0,0,Low
1817,216,303,5,0,2024-06-27,2024,6,Jun,Thursday,2,Product_303,Electronics,4451.42,1867.23,20,Female,Chennai,18-24,4.4,22257.1,0.0,22257.1,9336.15,12920.95,58.05,No Discount,1,0,0,1,65,High
1818,210,301,5,20,2024-05-04,2024,5,May,Saturday,2,Product_301,Books,1326.67,752.79,28,Female,Mumbai,25-34,3.6,6633.35,1326.67,5306.68,3763.95,1542.7300000000005,29.07,20%,0,0,1,0,15,Low
1819,229,320,1,0,2024-12-18,2024,12,Dec,Wednesday,4,Product_320,Books,1328.19,767.44,42,Female,Delhi,35-44,0.2,1328.19,0.0,1328.19,767.44,560.75,42.22,No Discount,0,0,0,0,0,Low
1820,210,316,1,10,2024-01-23,2024,1,Jan,Tuesday,1,Product_316,Books,3554.45,2147.64,28,Female,Mumbai,25-34,3.6,3554.45,355.445,3199.005,2147.64,1051.3649999999998,32.87,10%,0,0,0,0,0,Low
1821,212,302,1,0,2024-03-03,2024,3,Mar,Sunday,1,Product_302,Books,2257.6,1176.55,41,Female,Kolkata,35-44,3.9,2257.6,0.0,2257.6,1176.55,1081.05,47.88,No Discount,0,0,0,0,0,Low
1822,230,302,3,0,2024-05-22,2024,5,May,Wednesday,2,Product_302,Books,2257.6,1176.55,44,Female,Kolkata,35-44,3.7,6772.799999999999,0.0,6772.799999999999,3529.65,3243.15,47.88,No Discount,0,0,0,0,0,Low
1823,241,303,4,15,2024-06-01,2024,6,Jun,Saturday,2,Product_303,Electronics,4451.42,1867.23,26,Female,Kolkata,25-34,1.5,17805.68,2670.8520000000003,15134.828,7468.92,7665.907999999999,50.65,15%,0,0,0,1,35,Medium
1824,201,308,1,10,2024-05-24,2024,5,May,Friday,2,Product_308,Electronics,1579.02,701.76,56,Female,Mumbai,45+,0.7,1579.02,157.90200000000002,1421.118,701.76,719.358,50.62,10%,0,0,0,0,0,Low
1825,205,315,1,0,2024-08-12,2024,8,Aug,Monday,3,Product_315,Sports,2578.7,1522.22,25,Female,Hyderabad,25-34,0.9,2578.7,0.0,2578.7,1522.22,1056.4799999999998,40.97,No Discount,0,0,0,0,0,Low
1826,220,307,2,0,2024-11-04,2024,11,Nov,Monday,4,Product_307,Books,4562.09,2799.67,61,Female,Bengaluru,45+,0.9,9124.18,0.0,9124.18,5599.34,3524.84,38.63,No Discount,0,0,0,1,35,Medium
1827,208,306,3,0,2024-04-13,2024,4,Apr,Saturday,2,Product_306,Fashion,1974.6,1202.32,36,Male,Kolkata,35-44,2.2,5923.799999999999,0.0,5923.799999999999,3606.96,2316.8399999999992,39.11,No Discount,0,0,0,0,0,Low
1828,243,309,1,5,2024-04-13,2024,4,Apr,Saturday,2,Product_309,Electronics,3344.14,2338.63,35,Male,Pune,35-44,3.4,3344.14,167.207,3176.933,2338.63,838.3029999999999,26.39,5%,0,0,0,0,0,Low
1829,212,320,2,0,2024-02-08,2024,2,Feb,Thursday,1,Product_320,Books,1328.19,767.44,41,Female,Kolkata,35-44,3.9,2656.38,0.0,2656.38,1534.88,1121.5,42.22,No Discount,0,0,0,0,0,Low
1830,201,301,5,20,2024-07-16,2024,7,Jul,Tuesday,3,Product_301,Books,1326.67,752.79,56,Female,Mumbai,45+,0.7,6633.35,1326.67,5306.68,3763.95,1542.7300000000005,29.07,20%,0,0,1,0,15,Low
1831,220,308,1,0,2024-05-13,2024,5,May,Monday,2,Product_308,Electronics,1579.02,701.76,61,Female,Bengaluru,45+,0.9,1579.02,0.0,1579.02,701.76,877.26,55.56,No Discount,0,0,0,0,0,Low
1832,228,303,1,20,2024-03-07,2024,3,Mar,Thursday,1,Product_303,Electronics,4451.42,1867.23,61,Female,Hyderabad,45+,4.7,4451.42,890.284,3561.136,1867.23,1693.906,47.57,20%,0,0,1,0,15,Low
1833,243,304,2,20,2024-06-27,2024,6,Jun,Thursday,2,Product_304,Home & Kitchen,1824.42,868.74,35,Male,Pune,35-44,3.4,3648.84,729.768,2919.072,1737.48,1181.592,40.48,20%,0,0,1,0,15,Low
1834,237,315,3,20,2024-02-11,2024,2,Feb,Sunday,1,Product_315,Sports,2578.7,1522.22,20,Female,Chennai,18-24,2.1,7736.099999999999,1547.22,6188.879999999999,4566.66,1622.2199999999991,26.21,20%,0,0,1,0,15,Low
1835,247,306,1,20,2024-01-15,2024,1,Jan,Monday,1,Product_306,Fashion,1974.6,1202.32,26,Male,Chennai,25-34,2.2,1974.6,394.92,1579.6799999999998,1202.32,377.3599999999999,23.89,20%,0,0,1,0,15,Low
1836,237,315,5,20,2024-04-20,2024,4,Apr,Saturday,2,Product_315,Sports,2578.7,1522.22,20,Female,Chennai,18-24,2.1,12893.5,2578.7,10314.8,7611.1,2703.699999999999,26.21,20%,0,0,1,0,15,Low
1837,212,303,1,10,2024-06-05,2024,6,Jun,Wednesday,2,Product_303,Electronics,4451.42,1867.23,41,Female,Kolkata,35-44,3.9,4451.42,445.142,4006.278,1867.23,2139.048,53.39,10%,0,0,0,0,0,Low
1838,237,314,5,0,2024-10-15,2024,10,Oct,Tuesday,4,Product_314,Sports,2810.22,1415.01,20,Female,Chennai,18-24,2.1,14051.1,0.0,14051.1,7075.05,6976.049999999998,49.65,No Discount,0,0,0,0,0,Low
1839,249,320,4,0,2024-08-18,2024,8,Aug,Sunday,3,Product_320,Books,1328.19,767.44,19,Female,Pune,18-24,2.8,5312.76,0.0,5312.76,3069.76,2243.0,42.22,No Discount,0,0,0,0,0,Low
1840,249,314,4,5,2024-06-05,2024,6,Jun,Wednesday,2,Product_314,Sports,2810.22,1415.01,19,Female,Pune,18-24,2.8,11240.88,562.044,10678.836,5660.04,5018.795999999999,47.0,5%,0,0,0,0,0,Low
1841,244,304,5,0,2024-02-07,2024,2,Feb,Wednesday,1,Product_304,Home & Kitchen,1824.42,868.74,21,Female,Ahmedabad,18-24,3.1,9122.1,0.0,9122.1,4343.7,4778.400000000001,52.38,No Discount,0,0,0,0,0,Low
1842,228,312,3,0,2024-04-06,2024,4,Apr,Saturday,2,Product_312,Home & Kitchen,1732.47,906.62,61,Female,Hyderabad,45+,4.7,5197.41,0.0,5197.41,2719.86,2477.55,47.67,No Discount,0,0,0,0,0,Low
1843,247,317,1,10,2024-10-15,2024,10,Oct,Tuesday,4,Product_317,Sports,1566.24,875.97,26,Male,Chennai,25-34,2.2,1566.24,156.624,1409.616,875.97,533.646,37.86,10%,0,0,0,0,0,Low
1844,215,307,1,0,2024-09-10,2024,9,Sep,Tuesday,3,Product_307,Books,4562.09,2799.67,41,Female,Mumbai,35-44,3.9,4562.09,0.0,4562.09,2799.67,1762.42,38.63,No Discount,0,0,0,0,0,Low
1845,206,309,4,10,2024-07-14,2024,7,Jul,Sunday,3,Product_309,Electronics,3344.14,2338.63,38,Male,Mumbai,35-44,3.2,13376.56,1337.656,12038.904,9354.52,2684.383999999998,22.3,10%,0,0,0,1,35,Medium
1846,244,303,5,0,2024-03-26,2024,3,Mar,Tuesday,1,Product_303,Electronics,4451.42,1867.23,21,Female,Ahmedabad,18-24,3.1,22257.1,0.0,22257.1,9336.15,12920.95,58.05,No Discount,1,0,0,1,65,High
1847,220,313,1,20,2024-11-17,2024,11,Nov,Sunday,4,Product_313,Books,1073.88,440.2,61,Female,Bengaluru,45+,0.9,1073.88,214.776,859.104,440.2,418.90400000000005,48.76,20%,0,0,1,0,15,Low
1848,250,315,1,5,2024-01-10,2024,1,Jan,Wednesday,1,Product_315,Sports,2578.7,1522.22,37,Female,Bengaluru,35-44,2.1,2578.7,128.935,2449.765,1522.22,927.5449999999998,37.86,5%,0,0,0,0,0,Low
1849,214,318,3,5,2024-01-05,2024,1,Jan,Friday,1,Product_318,Books,1447.39,773.39,57,Female,Ahmedabad,45+,2.8,4342.17,217.1085,4125.0615,2320.17,1804.8915,43.75,5%,0,0,0,0,0,Low
1850,202,319,2,15,2024-05-02,2024,5,May,Thursday,2,Product_319,Fashion,1090.97,617.34,46,Male,Chennai,45+,2.4,2181.94,327.291,1854.649,1234.68,619.969,33.43,15%,0,0,0,0,0,Low
1851,209,301,4,0,2024-11-25,2024,11,Nov,Monday,4,Product_301,Books,1326.67,752.79,40,Male,Hyderabad,35-44,1.6,5306.68,0.0,5306.68,3011.16,2295.5200000000004,43.26,No Discount,0,0,0,0,0,Low
1852,237,306,4,5,2024-12-18,2024,12,Dec,Wednesday,4,Product_306,Fashion,1974.6,1202.32,20,Female,Chennai,18-24,2.1,7898.4,394.92,7503.48,4809.28,2694.2,35.91,5%,0,0,0,0,0,Low
1853,220,302,2,20,2024-04-27,2024,4,Apr,Saturday,2,Product_302,Books,2257.6,1176.55,61,Female,Bengaluru,45+,0.9,4515.2,903.04,3612.16,2353.1,1259.06,34.86,20%,0,0,1,0,15,Low
1854,226,314,1,0,2024-10-20,2024,10,Oct,Sunday,4,Product_314,Sports,2810.22,1415.01,29,Female,Mumbai,25-34,3.5,2810.22,0.0,2810.22,1415.01,1395.2099999999998,49.65,No Discount,0,0,0,0,0,Low
1855,229,306,3,0,2024-06-07,2024,6,Jun,Friday,2,Product_306,Fashion,1974.6,1202.32,42,Female,Delhi,35-44,0.2,5923.799999999999,0.0,5923.799999999999,3606.96,2316.8399999999992,39.11,No Discount,0,0,0,0,0,Low
1856,201,314,3,0,2024-10-29,2024,10,Oct,Tuesday,4,Product_314,Sports,2810.22,1415.01,56,Female,Mumbai,45+,0.7,8430.66,0.0,8430.66,4245.03,4185.63,49.65,No Discount,0,0,0,0,0,Low
1857,235,304,4,20,2024-08-15,2024,8,Aug,Thursday,3,Product_304,Home & Kitchen,1824.42,868.74,64,Male,Mumbai,45+,1.7,7297.68,1459.536,5838.144,3474.96,2363.184,40.48,20%,0,0,1,0,15,Low
1858,206,308,3,20,2024-12-30,2024,12,Dec,Monday,4,Product_308,Electronics,1579.02,701.76,38,Male,Mumbai,35-44,3.2,4737.06,947.4119999999998,3789.648,2105.28,1684.368,44.45,20%,0,0,1,0,15,Low
1859,237,303,2,5,2024-08-03,2024,8,Aug,Saturday,3,Product_303,Electronics,4451.42,1867.23,20,Female,Chennai,18-24,2.1,8902.84,445.142,8457.698,3734.46,4723.238,55.85,5%,0,0,0,0,0,Low
1860,205,319,1,0,2024-07-02,2024,7,Jul,Tuesday,3,Product_319,Fashion,1090.97,617.34,25,Female,Hyderabad,25-34,0.9,1090.97,0.0,1090.97,617.34,473.63,43.41,No Discount,0,0,0,0,0,Low
1861,233,314,2,0,2024-01-15,2024,1,Jan,Monday,1,Product_314,Sports,2810.22,1415.01,33,Male,Chennai,25-34,3.0,5620.44,0.0,5620.44,2830.02,2790.42,49.65,No Discount,0,0,0,0,0,Low
1862,249,320,5,15,2024-06-05,2024,6,Jun,Wednesday,2,Product_320,Books,1328.19,767.44,19,Female,Pune,18-24,2.8,6640.950000000001,996.1425000000002,5644.807500000001,3837.2,1807.6075000000003,32.02,15%,0,0,0,0,0,Low
1863,214,317,4,10,2024-05-15,2024,5,May,Wednesday,2,Product_317,Sports,1566.24,875.97,57,Female,Ahmedabad,45+,2.8,6264.96,626.496,5638.464,3503.88,2134.584,37.86,10%,0,0,0,0,0,Low
1864,212,308,3,10,2024-09-17,2024,9,Sep,Tuesday,3,Product_308,Electronics,1579.02,701.76,41,Female,Kolkata,35-44,3.9,4737.06,473.7059999999999,4263.353999999999,2105.28,2158.074,50.62,10%,0,0,0,0,0,Low
1865,242,314,5,0,2024-06-05,2024,6,Jun,Wednesday,2,Product_314,Sports,2810.22,1415.01,56,Female,Kolkata,45+,2.0,14051.1,0.0,14051.1,7075.05,6976.049999999998,49.65,No Discount,0,0,0,0,0,Low
1866,220,306,3,0,2024-02-16,2024,2,Feb,Friday,1,Product_306,Fashion,1974.6,1202.32,61,Female,Bengaluru,45+,0.9,5923.799999999999,0.0,5923.799999999999,3606.96,2316.8399999999992,39.11,No Discount,0,0,0,0,0,Low
1867,250,316,1,10,2024-11-19,2024,11,Nov,Tuesday,4,Product_316,Books,3554.45,2147.64,37,Female,Bengaluru,35-44,2.1,3554.45,355.445,3199.005,2147.64,1051.3649999999998,32.87,10%,0,0,0,0,0,Low
1868,224,319,1,15,2024-11-27,2024,11,Nov,Wednesday,4,Product_319,Fashion,1090.97,617.34,38,Male,Bengaluru,35-44,3.0,1090.97,163.6455,927.3245,617.34,309.9845,33.43,15%,0,0,0,0,0,Low
1869,243,314,1,0,2024-06-21,2024,6,Jun,Friday,2,Product_314,Sports,2810.22,1415.01,35,Male,Pune,35-44,3.4,2810.22,0.0,2810.22,1415.01,1395.2099999999998,49.65,No Discount,0,0,0,0,0,Low
1870,234,319,3,10,2024-05-09,2024,5,May,Thursday,2,Product_319,Fashion,1090.97,617.34,32,Female,Kolkata,25-34,0.4,3272.91,327.291,2945.619,1852.02,1093.5989999999997,37.13,10%,0,0,0,0,0,Low
1871,225,303,5,0,2024-04-04,2024,4,Apr,Thursday,2,Product_303,Electronics,4451.42,1867.23,50,Female,Bengaluru,45+,1.5,22257.1,0.0,22257.1,9336.15,12920.95,58.05,No Discount,1,0,0,1,65,High
1872,250,310,1,5,2024-04-24,2024,4,Apr,Wednesday,2,Product_310,Sports,302.45,145.19,37,Female,Bengaluru,35-44,2.1,302.45,15.1225,287.3275,145.19,142.1375,49.47,5%,0,0,0,0,0,Low
1873,229,319,5,0,2024-08-30,2024,8,Aug,Friday,3,Product_319,Fashion,1090.97,617.34,42,Female,Delhi,35-44,0.2,5454.85,0.0,5454.85,3086.7000000000003,2368.15,43.41,No Discount,0,0,0,0,0,Low
1874,239,309,3,15,2024-10-18,2024,10,Oct,Friday,4,Product_309,Electronics,3344.14,2338.63,24,Female,Mumbai,18-24,1.8,10032.42,1504.8629999999998,8527.557,7015.89,1511.6670000000004,17.73,15%,0,0,0,0,0,Low
1875,231,320,5,20,2024-10-08,2024,10,Oct,Tuesday,4,Product_320,Books,1328.19,767.44,59,Female,Delhi,45+,1.1,6640.950000000001,1328.19,5312.76,3837.2,1475.56,27.77,20%,0,0,1,0,15,Low
1876,247,313,3,15,2024-10-25,2024,10,Oct,Friday,4,Product_313,Books,1073.88,440.2,26,Male,Chennai,25-34,2.2,3221.6400000000003,483.246,2738.394,1320.6,1417.7940000000003,51.77,15%,0,0,0,0,0,Low
1877,243,307,3,5,2024-10-09,2024,10,Oct,Wednesday,4,Product_307,Books,4562.09,2799.67,35,Male,Pune,35-44,3.4,13686.27,684.3135000000001,13001.9565,8399.01,4602.9465,35.4,5%,0,0,0,1,35,Medium
1878,250,314,4,5,2024-03-09,2024,3,Mar,Saturday,1,Product_314,Sports,2810.22,1415.01,37,Female,Bengaluru,35-44,2.1,11240.88,562.044,10678.836,5660.04,5018.795999999999,47.0,5%,0,0,0,1,35,Medium
1879,223,309,3,20,2024-05-27,2024,5,May,Monday,2,Product_309,Electronics,3344.14,2338.63,19,Male,Ahmedabad,18-24,2.6,10032.42,2006.484,8025.936,7015.89,1010.0459999999994,12.58,20%,0,0,1,0,15,Low
1880,244,319,3,0,2024-01-11,2024,1,Jan,Thursday,1,Product_319,Fashion,1090.97,617.34,21,Female,Ahmedabad,18-24,3.1,3272.91,0.0,3272.91,1852.02,1420.89,43.41,No Discount,0,0,0,0,0,Low
1881,238,315,2,10,2024-09-10,2024,9,Sep,Tuesday,3,Product_315,Sports,2578.7,1522.22,54,Male,Delhi,45+,3.6,5157.4,515.74,4641.66,3044.44,1597.2199999999998,34.41,10%,0,0,0,0,0,Low
1882,220,320,1,0,2024-11-25,2024,11,Nov,Monday,4,Product_320,Books,1328.19,767.44,61,Female,Bengaluru,45+,0.9,1328.19,0.0,1328.19,767.44,560.75,42.22,No Discount,0,0,0,0,0,Low
1883,223,314,4,15,2024-12-25,2024,12,Dec,Wednesday,4,Product_314,Sports,2810.22,1415.01,19,Male,Ahmedabad,18-24,2.6,11240.88,1686.1319999999998,9554.748,5660.04,3894.708,40.76,15%,0,0,0,0,0,Low
1884,245,306,4,20,2024-02-07,2024,2,Feb,Wednesday,1,Product_306,Fashion,1974.6,1202.32,42,Male,Hyderabad,35-44,3.5,7898.4,1579.68,6318.719999999999,4809.28,1509.4399999999996,23.89,20%,0,0,1,0,15,Low
1885,216,304,4,15,2024-05-13,2024,5,May,Monday,2,Product_304,Home & Kitchen,1824.42,868.74,20,Female,Chennai,18-24,4.4,7297.68,1094.652,6203.028,3474.96,2728.068,43.98,15%,0,0,0,0,0,Low
1886,250,308,2,5,2024-07-18,2024,7,Jul,Thursday,3,Product_308,Electronics,1579.02,701.76,37,Female,Bengaluru,35-44,2.1,3158.04,157.90200000000002,3000.138,1403.52,1596.618,53.22,5%,0,0,0,0,0,Low
1887,242,317,3,10,2024-01-23,2024,1,Jan,Tuesday,1,Product_317,Sports,1566.24,875.97,56,Female,Kolkata,45+,2.0,4698.72,469.87200000000007,4228.848,2627.91,1600.938,37.86,10%,0,0,0,0,0,Low
1888,208,309,1,15,2024-10-29,2024,10,Oct,Tuesday,4,Product_309,Electronics,3344.14,2338.63,36,Male,Kolkata,35-44,2.2,3344.14,501.621,2842.519,2338.63,503.88899999999967,17.73,15%,0,0,0,0,0,Low
1889,250,301,5,0,2024-12-11,2024,12,Dec,Wednesday,4,Product_301,Books,1326.67,752.79,37,Female,Bengaluru,35-44,2.1,6633.35,0.0,6633.35,3763.95,2869.4000000000005,43.26,No Discount,0,0,0,0,0,Low
1890,221,320,3,5,2024-10-28,2024,10,Oct,Monday,4,Product_320,Books,1328.19,767.44,47,Female,Bengaluru,45+,0.3,3984.57,199.22850000000005,3785.3415,2302.32,1483.0214999999998,39.18,5%,0,0,0,0,0,Low
1891,201,314,2,0,2024-12-28,2024,12,Dec,Saturday,4,Product_314,Sports,2810.22,1415.01,56,Female,Mumbai,45+,0.7,5620.44,0.0,5620.44,2830.02,2790.42,49.65,No Discount,0,0,0,0,0,Low
1892,208,311,3,10,2024-08-05,2024,8,Aug,Monday,3,Product_311,Books,1957.07,1356.22,36,Male,Kolkata,35-44,2.2,5871.21,587.121,5284.089,4068.66,1215.429,23.0,10%,0,0,0,0,0,Low
1893,229,303,3,15,2024-05-20,2024,5,May,Monday,2,Product_303,Electronics,4451.42,1867.23,42,Female,Delhi,35-44,0.2,13354.26,2003.139,11351.121,5601.6900000000005,5749.4310000000005,50.65,15%,0,0,0,0,0,Low
1894,232,309,2,0,2024-04-13,2024,4,Apr,Saturday,2,Product_309,Electronics,3344.14,2338.63,45,Female,Mumbai,45+,4.4,6688.28,0.0,6688.28,4677.26,2011.0199999999995,30.07,No Discount,0,0,0,0,0,Low
1895,238,314,4,15,2024-07-28,2024,7,Jul,Sunday,3,Product_314,Sports,2810.22,1415.01,54,Male,Delhi,45+,3.6,11240.88,1686.1319999999998,9554.748,5660.04,3894.708,40.76,15%,0,0,0,0,0,Low
1896,205,309,4,10,2024-04-20,2024,4,Apr,Saturday,2,Product_309,Electronics,3344.14,2338.63,25,Female,Hyderabad,25-34,0.9,13376.56,1337.656,12038.904,9354.52,2684.383999999998,22.3,10%,0,0,0,1,35,Medium
1897,247,304,1,15,2024-04-13,2024,4,Apr,Saturday,2,Product_304,Home & Kitchen,1824.42,868.74,26,Male,Chennai,25-34,2.2,1824.42,273.663,1550.757,868.74,682.017,43.98,15%,0,0,0,0,0,Low
1898,222,304,1,20,2024-11-11,2024,11,Nov,Monday,4,Product_304,Home & Kitchen,1824.42,868.74,55,Female,Mumbai,45+,0.6,1824.42,364.884,1459.536,868.74,590.796,40.48,20%,0,0,1,0,15,Low
1899,247,308,4,15,2024-06-19,2024,6,Jun,Wednesday,2,Product_308,Electronics,1579.02,701.76,26,Male,Chennai,25-34,2.2,6316.08,947.412,5368.668,2807.04,2561.628,47.71,15%,0,0,0,0,0,Low
1900,234,302,5,0,2024-12-21,2024,12,Dec,Saturday,4,Product_302,Books,2257.6,1176.55,32,Female,Kolkata,25-34,0.4,11288.0,0.0,11288.0,5882.75,5405.25,47.88,No Discount,0,0,0,1,35,Medium
1901,201,309,3,15,2024-11-19,2024,11,Nov,Tuesday,4,Product_309,Electronics,3344.14,2338.63,56,Female,Mumbai,45+,0.7,10032.42,1504.8629999999998,8527.557,7015.89,1511.6670000000004,17.73,15%,0,0,0,0,0,Low
1902,226,314,5,15,2024-05-12,2024,5,May,Sunday,2,Product_314,Sports,2810.22,1415.01,29,Female,Mumbai,25-34,3.5,14051.1,2107.6649999999995,11943.435,7075.05,4868.384999999999,40.76,15%,0,0,0,1,35,Medium
1903,243,309,3,0,2024-10-19,2024,10,Oct,Saturday,4,Product_309,Electronics,3344.14,2338.63,35,Male,Pune,35-44,3.4,10032.42,0.0,10032.42,7015.89,3016.53,30.07,No Discount,0,0,0,0,0,Low
1904,210,316,4,0,2024-11-23,2024,11,Nov,Saturday,4,Product_316,Books,3554.45,2147.64,28,Female,Mumbai,25-34,3.6,14217.8,0.0,14217.8,8590.56,5627.24,39.58,No Discount,0,0,0,1,35,Medium
1905,230,317,1,0,2024-05-06,2024,5,May,Monday,2,Product_317,Sports,1566.24,875.97,44,Female,Kolkata,35-44,3.7,1566.24,0.0,1566.24,875.97,690.27,44.07,No Discount,0,0,0,0,0,Low
1906,250,316,1,0,2024-04-15,2024,4,Apr,Monday,2,Product_316,Books,3554.45,2147.64,37,Female,Bengaluru,35-44,2.1,3554.45,0.0,3554.45,2147.64,1406.81,39.58,No Discount,0,0,0,0,0,Low
1907,218,312,5,5,2024-04-01,2024,4,Apr,Monday,2,Product_312,Home & Kitchen,1732.47,906.62,19,Female,Ahmedabad,18-24,0.7,8662.35,433.1175,8229.2325,4533.1,3696.1325,44.91,5%,0,0,0,0,0,Low
1908,217,303,1,0,2024-10-13,2024,10,Oct,Sunday,4,Product_303,Electronics,4451.42,1867.23,39,Female,Ahmedabad,35-44,2.2,4451.42,0.0,4451.42,1867.23,2584.19,58.05,No Discount,0,0,0,0,0,Low
1909,226,311,4,0,2024-02-20,2024,2,Feb,Tuesday,1,Product_311,Books,1957.07,1356.22,29,Female,Mumbai,25-34,3.5,7828.28,0.0,7828.28,5424.88,2403.4,30.7,No Discount,0,0,0,0,0,Low
1910,208,314,5,20,2024-01-29,2024,1,Jan,Monday,1,Product_314,Sports,2810.22,1415.01,36,Male,Kolkata,35-44,2.2,14051.1,2810.22,11240.88,7075.05,4165.829999999999,37.06,20%,0,0,1,0,15,Low
1911,247,318,3,10,2024-10-22,2024,10,Oct,Tuesday,4,Product_318,Books,1447.39,773.39,26,Male,Chennai,25-34,2.2,4342.17,434.217,3907.953,2320.17,1587.783,40.63,10%,0,0,0,0,0,Low
1912,240,305,1,20,2024-10-23,2024,10,Oct,Wednesday,4,Product_305,Sports,873.81,414.24,38,Male,Ahmedabad,35-44,0.3,873.81,174.76199999999997,699.048,414.24,284.808,40.74,20%,0,0,1,0,15,Low
1913,249,316,2,10,2024-08-01,2024,8,Aug,Thursday,3,Product_316,Books,3554.45,2147.64,19,Female,Pune,18-24,2.8,7108.9,710.89,6398.009999999999,4295.28,2102.73,32.87,10%,0,0,0,0,0,Low
1914,212,320,1,15,2024-09-23,2024,9,Sep,Monday,3,Product_320,Books,1328.19,767.44,41,Female,Kolkata,35-44,3.9,1328.19,199.22850000000005,1128.9615,767.44,361.52150000000006,32.02,15%,0,0,0,0,0,Low
1915,227,305,3,5,2024-09-13,2024,9,Sep,Friday,3,Product_305,Sports,873.81,414.24,39,Female,Bengaluru,35-44,2.2,2621.43,131.0715,2490.3585,1242.72,1247.6384999999998,50.1,5%,0,0,0,0,0,Low
1916,208,303,5,0,2024-10-28,2024,10,Oct,Monday,4,Product_303,Electronics,4451.42,1867.23,36,Male,Kolkata,35-44,2.2,22257.1,0.0,22257.1,9336.15,12920.95,58.05,No Discount,1,0,0,1,65,High
1917,225,312,3,20,2024-04-10,2024,4,Apr,Wednesday,2,Product_312,Home & Kitchen,1732.47,906.62,50,Female,Bengaluru,45+,1.5,5197.41,1039.482,4157.928,2719.86,1438.0679999999998,34.59,20%,0,0,1,0,15,Low
1918,246,301,2,0,2024-12-11,2024,12,Dec,Wednesday,4,Product_301,Books,1326.67,752.79,31,Female,Bengaluru,25-34,0.6,2653.34,0.0,2653.34,1505.58,1147.7600000000002,43.26,No Discount,0,0,0,0,0,Low
1919,204,309,4,20,2024-04-19,2024,4,Apr,Friday,2,Product_309,Electronics,3344.14,2338.63,60,Male,Chennai,45+,3.3,13376.56,2675.312,10701.248,9354.52,1346.7279999999992,12.58,20%,0,0,1,0,15,Low
1920,233,309,1,15,2024-06-30,2024,6,Jun,Sunday,2,Product_309,Electronics,3344.14,2338.63,33,Male,Chennai,25-34,3.0,3344.14,501.621,2842.519,2338.63,503.88899999999967,17.73,15%,0,0,0,0,0,Low
1921,201,304,5,10,2024-11-08,2024,11,Nov,Friday,4,Product_304,Home & Kitchen,1824.42,868.74,56,Female,Mumbai,45+,0.7,9122.1,912.21,8209.89,4343.7,3866.19,47.09,10%,0,0,0,0,0,Low
1922,219,303,4,0,2024-01-01,2024,1,Jan,Monday,1,Product_303,Electronics,4451.42,1867.23,41,Female,Kolkata,35-44,2.6,17805.68,0.0,17805.68,7468.92,10336.76,58.05,No Discount,1,0,0,1,65,High
1923,231,317,3,5,2024-11-14,2024,11,Nov,Thursday,4,Product_317,Sports,1566.24,875.97,59,Female,Delhi,45+,1.1,4698.72,234.93600000000004,4463.784000000001,2627.91,1835.8740000000007,41.13,5%,0,0,0,0,0,Low
1924,216,302,5,20,2024-02-24,2024,2,Feb,Saturday,1,Product_302,Books,2257.6,1176.55,20,Female,Chennai,18-24,4.4,11288.0,2257.6,9030.4,5882.75,3147.65,34.86,20%,0,0,1,0,15,Low
1925,214,301,4,20,2024-05-28,2024,5,May,Tuesday,2,Product_301,Books,1326.67,752.79,57,Female,Ahmedabad,45+,2.8,5306.68,1061.336,4245.344,3011.16,1234.1840000000002,29.07,20%,0,0,1,0,15,Low
1926,248,308,5,15,2024-11-04,2024,11,Nov,Monday,4,Product_308,Electronics,1579.02,701.76,43,Male,Ahmedabad,35-44,3.2,7895.1,1184.265,6710.835,3508.8,3202.035,47.71,15%,0,0,0,0,0,Low
1927,205,313,2,5,2024-05-16,2024,5,May,Thursday,2,Product_313,Books,1073.88,440.2,25,Female,Hyderabad,25-34,0.9,2147.76,107.388,2040.3720000000003,880.4,1159.9720000000002,56.85,5%,0,0,0,0,0,Low
1928,241,315,2,10,2024-07-20,2024,7,Jul,Saturday,3,Product_315,Sports,2578.7,1522.22,26,Female,Kolkata,25-34,1.5,5157.4,515.74,4641.66,3044.44,1597.2199999999998,34.41,10%,0,0,0,0,0,Low
1929,226,308,1,10,2024-11-08,2024,11,Nov,Friday,4,Product_308,Electronics,1579.02,701.76,29,Female,Mumbai,25-34,3.5,1579.02,157.90200000000002,1421.118,701.76,719.358,50.62,10%,0,0,0,0,0,Low
1930,228,312,1,20,2024-04-26,2024,4,Apr,Friday,2,Product_312,Home & Kitchen,1732.47,906.62,61,Female,Hyderabad,45+,4.7,1732.47,346.494,1385.976,906.62,479.3560000000001,34.59,20%,0,0,1,0,15,Low
1931,202,312,2,0,2024-06-02,2024,6,Jun,Sunday,2,Product_312,Home & Kitchen,1732.47,906.62,46,Male,Chennai,45+,2.4,3464.94,0.0,3464.94,1813.24,1651.7,47.67,No Discount,0,0,0,0,0,Low
1932,250,314,5,0,2024-10-17,2024,10,Oct,Thursday,4,Product_314,Sports,2810.22,1415.01,37,Female,Bengaluru,35-44,2.1,14051.1,0.0,14051.1,7075.05,6976.049999999998,49.65,No Discount,0,0,0,1,35,Medium
1933,206,315,2,0,2024-03-03,2024,3,Mar,Sunday,1,Product_315,Sports,2578.7,1522.22,38,Male,Mumbai,35-44,3.2,5157.4,0.0,5157.4,3044.44,2112.96,40.97,No Discount,0,0,0,0,0,Low
1934,209,315,1,5,2024-08-31,2024,8,Aug,Saturday,3,Product_315,Sports,2578.7,1522.22,40,Male,Hyderabad,35-44,1.6,2578.7,128.935,2449.765,1522.22,927.5449999999998,37.86,5%,0,0,0,0,0,Low
1935,233,309,2,5,2024-01-25,2024,1,Jan,Thursday,1,Product_309,Electronics,3344.14,2338.63,33,Male,Chennai,25-34,3.0,6688.28,334.414,6353.866,4677.26,1676.6059999999998,26.39,5%,0,0,0,0,0,Low
1936,241,319,2,10,2024-03-30,2024,3,Mar,Saturday,1,Product_319,Fashion,1090.97,617.34,26,Female,Kolkata,25-34,1.5,2181.94,218.194,1963.746,1234.68,729.066,37.13,10%,0,0,0,0,0,Low
1937,225,320,5,0,2024-03-15,2024,3,Mar,Friday,1,Product_320,Books,1328.19,767.44,50,Female,Bengaluru,45+,1.5,6640.950000000001,0.0,6640.950000000001,3837.2,2803.7500000000005,42.22,No Discount,0,0,0,0,0,Low
1938,248,308,4,15,2024-10-20,2024,10,Oct,Sunday,4,Product_308,Electronics,1579.02,701.76,43,Male,Ahmedabad,35-44,3.2,6316.08,947.412,5368.668,2807.04,2561.628,47.71,15%,0,0,0,0,0,Low
1939,213,319,1,5,2024-07-28,2024,7,Jul,Sunday,3,Product_319,Fashion,1090.97,617.34,53,Female,Mumbai,45+,2.6,1090.97,54.5485,1036.4215,617.34,419.0814999999999,40.44,5%,0,0,0,0,0,Low
1940,209,306,5,0,2024-12-12,2024,12,Dec,Thursday,4,Product_306,Fashion,1974.6,1202.32,40,Male,Hyderabad,35-44,1.6,9873.0,0.0,9873.0,6011.599999999999,3861.400000000001,39.11,No Discount,0,0,0,0,0,Low
1941,213,320,2,0,2024-01-17,2024,1,Jan,Wednesday,1,Product_320,Books,1328.19,767.44,53,Female,Mumbai,45+,2.6,2656.38,0.0,2656.38,1534.88,1121.5,42.22,No Discount,0,0,0,0,0,Low
1942,231,319,2,20,2024-05-07,2024,5,May,Tuesday,2,Product_319,Fashion,1090.97,617.34,59,Female,Delhi,45+,1.1,2181.94,436.388,1745.552,1234.68,510.87200000000007,29.27,20%,0,0,1,0,15,Low
1943,241,304,4,10,2024-12-29,2024,12,Dec,Sunday,4,Product_304,Home & Kitchen,1824.42,868.74,26,Female,Kolkata,25-34,1.5,7297.68,729.768,6567.912,3474.96,3092.952,47.09,10%,0,0,0,0,0,Low
1944,211,307,1,0,2024-09-07,2024,9,Sep,Saturday,3,Product_307,Books,4562.09,2799.67,28,Male,Mumbai,25-34,2.9,4562.09,0.0,4562.09,2799.67,1762.42,38.63,No Discount,0,0,0,0,0,Low
1945,204,304,1,0,2024-06-27,2024,6,Jun,Thursday,2,Product_304,Home & Kitchen,1824.42,868.74,60,Male,Chennai,45+,3.3,1824.42,0.0,1824.42,868.74,955.68,52.38,No Discount,0,0,0,0,0,Low
1946,234,312,3,0,2024-06-30,2024,6,Jun,Sunday,2,Product_312,Home & Kitchen,1732.47,906.62,32,Female,Kolkata,25-34,0.4,5197.41,0.0,5197.41,2719.86,2477.55,47.67,No Discount,0,0,0,0,0,Low
1947,238,313,1,0,2024-05-31,2024,5,May,Friday,2,Product_313,Books,1073.88,440.2,54,Male,Delhi,45+,3.6,1073.88,0.0,1073.88,440.2,633.6800000000001,59.01,No Discount,0,0,0,0,0,Low
1948,246,303,4,10,2024-01-25,2024,1,Jan,Thursday,1,Product_303,Electronics,4451.42,1867.23,31,Female,Bengaluru,25-34,0.6,17805.68,1780.568,16025.112,7468.92,8556.192000000001,53.39,10%,1,0,0,1,65,High
1949,204,312,3,20,2024-06-28,2024,6,Jun,Friday,2,Product_312,Home & Kitchen,1732.47,906.62,60,Male,Chennai,45+,3.3,5197.41,1039.482,4157.928,2719.86,1438.0679999999998,34.59,20%,0,0,1,0,15,Low
1950,238,302,3,15,2024-07-16,2024,7,Jul,Tuesday,3,Product_302,Books,2257.6,1176.55,54,Male,Delhi,45+,3.6,6772.799999999999,1015.9199999999998,5756.879999999999,3529.65,2227.23,38.69,15%,0,0,0,0,0,Low
1951,219,302,2,0,2024-12-09,2024,12,Dec,Monday,4,Product_302,Books,2257.6,1176.55,41,Female,Kolkata,35-44,2.6,4515.2,0.0,4515.2,2353.1,2162.1,47.88,No Discount,0,0,0,0,0,Low
1952,206,309,2,0,2024-06-09,2024,6,Jun,Sunday,2,Product_309,Electronics,3344.14,2338.63,38,Male,Mumbai,35-44,3.2,6688.28,0.0,6688.28,4677.26,2011.0199999999995,30.07,No Discount,0,0,0,0,0,Low
1953,234,301,1,20,2024-06-25,2024,6,Jun,Tuesday,2,Product_301,Books,1326.67,752.79,32,Female,Kolkata,25-34,0.4,1326.67,265.334,1061.336,752.79,308.54600000000005,29.07,20%,0,0,1,0,15,Low
1954,218,308,3,0,2024-10-11,2024,10,Oct,Friday,4,Product_308,Electronics,1579.02,701.76,19,Female,Ahmedabad,18-24,0.7,4737.06,0.0,4737.06,2105.28,2631.78,55.56,No Discount,0,0,0,0,0,Low
1955,213,306,2,10,2024-03-03,2024,3,Mar,Sunday,1,Product_306,Fashion,1974.6,1202.32,53,Female,Mumbai,45+,2.6,3949.2,394.92,3554.28,2404.64,1149.64,32.35,10%,0,0,0,0,0,Low
1956,241,306,4,20,2024-05-29,2024,5,May,Wednesday,2,Product_306,Fashion,1974.6,1202.32,26,Female,Kolkata,25-34,1.5,7898.4,1579.68,6318.719999999999,4809.28,1509.4399999999996,23.89,20%,0,0,1,0,15,Low
1957,223,318,2,10,2024-06-02,2024,6,Jun,Sunday,2,Product_318,Books,1447.39,773.39,19,Male,Ahmedabad,18-24,2.6,2894.78,289.478,2605.302,1546.78,1058.5220000000002,40.63,10%,0,0,0,0,0,Low
1958,219,317,2,0,2024-06-04,2024,6,Jun,Tuesday,2,Product_317,Sports,1566.24,875.97,41,Female,Kolkata,35-44,2.6,3132.48,0.0,3132.48,1751.94,1380.54,44.07,No Discount,0,0,0,0,0,Low
1959,245,312,3,5,2024-02-18,2024,2,Feb,Sunday,1,Product_312,Home & Kitchen,1732.47,906.62,42,Male,Hyderabad,35-44,3.5,5197.41,259.8705,4937.5395,2719.86,2217.6795,44.91,5%,0,0,0,0,0,Low
1960,211,306,3,0,2024-12-02,2024,12,Dec,Monday,4,Product_306,Fashion,1974.6,1202.32,28,Male,Mumbai,25-34,2.9,5923.799999999999,0.0,5923.799999999999,3606.96,2316.8399999999992,39.11,No Discount,0,0,0,0,0,Low
1961,201,308,5,10,2024-03-24,2024,3,Mar,Sunday,1,Product_308,Electronics,1579.02,701.76,56,Female,Mumbai,45+,0.7,7895.1,789.51,7105.59,3508.8,3596.79,50.62,10%,0,0,0,0,0,Low
1962,224,319,4,20,2024-12-26,2024,12,Dec,Thursday,4,Product_319,Fashion,1090.97,617.34,38,Male,Bengaluru,35-44,3.0,4363.88,872.7760000000001,3491.1040000000003,2469.36,1021.744,29.27,20%,0,0,1,0,15,Low
1963,207,310,3,0,2024-06-25,2024,6,Jun,Tuesday,2,Product_310,Sports,302.45,145.19,56,Female,Hyderabad,45+,0.1,907.35,0.0,907.35,435.57,471.7799999999999,52.0,No Discount,0,0,0,0,0,Low
1964,225,301,1,15,2024-05-27,2024,5,May,Monday,2,Product_301,Books,1326.67,752.79,50,Female,Bengaluru,45+,1.5,1326.67,199.0005,1127.6695,752.79,374.8795,33.24,15%,0,0,0,0,0,Low
1965,221,313,4,0,2024-04-27,2024,4,Apr,Saturday,2,Product_313,Books,1073.88,440.2,47,Female,Bengaluru,45+,0.3,4295.52,0.0,4295.52,1760.8,2534.7200000000003,59.01,No Discount,0,0,0,0,0,Low
1966,215,317,4,20,2024-12-07,2024,12,Dec,Saturday,4,Product_317,Sports,1566.24,875.97,41,Female,Mumbai,35-44,3.9,6264.96,1252.992,5011.968,3503.88,1508.0879999999995,30.09,20%,0,0,1,0,15,Low
1967,201,303,3,0,2024-03-03,2024,3,Mar,Sunday,1,Product_303,Electronics,4451.42,1867.23,56,Female,Mumbai,45+,0.7,13354.26,0.0,13354.26,5601.6900000000005,7752.57,58.05,No Discount,0,0,0,1,35,Medium
1968,212,308,4,15,2024-07-07,2024,7,Jul,Sunday,3,Product_308,Electronics,1579.02,701.76,41,Female,Kolkata,35-44,3.9,6316.08,947.412,5368.668,2807.04,2561.628,47.71,15%,0,0,0,0,0,Low
1969,207,314,3,20,2024-12-25,2024,12,Dec,Wednesday,4,Product_314,Sports,2810.22,1415.01,56,Female,Hyderabad,45+,0.1,8430.66,1686.132,6744.528,4245.03,2499.4980000000005,37.06,20%,0,0,1,0,15,Low
1970,215,303,2,10,2024-02-18,2024,2,Feb,Sunday,1,Product_303,Electronics,4451.42,1867.23,41,Female,Mumbai,35-44,3.9,8902.84,890.284,8012.556,3734.46,4278.0960000000005,53.39,10%,0,0,0,0,0,Low
1971,221,316,5,0,2024-11-22,2024,11,Nov,Friday,4,Product_316,Books,3554.45,2147.64,47,Female,Bengaluru,45+,0.3,17772.25,0.0,17772.25,10738.2,7034.050000000001,39.58,No Discount,1,0,0,1,65,High
1972,219,313,2,10,2024-09-13,2024,9,Sep,Friday,3,Product_313,Books,1073.88,440.2,41,Female,Kolkata,35-44,2.6,2147.76,214.776,1932.984,880.4,1052.5840000000003,54.45,10%,0,0,0,0,0,Low
1973,229,320,3,15,2024-08-11,2024,8,Aug,Sunday,3,Product_320,Books,1328.19,767.44,42,Female,Delhi,35-44,0.2,3984.57,597.6855,3386.8845,2302.32,1084.5645,32.02,15%,0,0,0,0,0,Low
1974,225,317,3,15,2024-05-20,2024,5,May,Monday,2,Product_317,Sports,1566.24,875.97,50,Female,Bengaluru,45+,1.5,4698.72,704.808,3993.912,2627.91,1366.0020000000004,34.2,15%,0,0,0,0,0,Low
1975,233,313,2,0,2024-08-02,2024,8,Aug,Friday,3,Product_313,Books,1073.88,440.2,33,Male,Chennai,25-34,3.0,2147.76,0.0,2147.76,880.4,1267.36,59.01,No Discount,0,0,0,0,0,Low
1976,249,306,1,10,2024-07-29,2024,7,Jul,Monday,3,Product_306,Fashion,1974.6,1202.32,19,Female,Pune,18-24,2.8,1974.6,197.46,1777.14,1202.32,574.8199999999999,32.35,10%,0,0,0,0,0,Low
1977,232,317,1,0,2024-11-13,2024,11,Nov,Wednesday,4,Product_317,Sports,1566.24,875.97,45,Female,Mumbai,45+,4.4,1566.24,0.0,1566.24,875.97,690.27,44.07,No Discount,0,0,0,0,0,Low
1978,249,314,1,10,2024-02-01,2024,2,Feb,Thursday,1,Product_314,Sports,2810.22,1415.01,19,Female,Pune,18-24,2.8,2810.22,281.022,2529.198,1415.01,1114.188,44.05,10%,0,0,0,0,0,Low
1979,235,317,3,15,2024-06-06,2024,6,Jun,Thursday,2,Product_317,Sports,1566.24,875.97,64,Male,Mumbai,45+,1.7,4698.72,704.808,3993.912,2627.91,1366.0020000000004,34.2,15%,0,0,0,0,0,Low
1980,244,308,4,10,2024-10-11,2024,10,Oct,Friday,4,Product_308,Electronics,1579.02,701.76,21,Female,Ahmedabad,18-24,3.1,6316.08,631.6080000000001,5684.472,2807.04,2877.432,50.62,10%,0,0,0,0,0,Low
1981,238,311,3,20,2024-10-31,2024,10,Oct,Thursday,4,Product_311,Books,1957.07,1356.22,54,Male,Delhi,45+,3.6,5871.21,1174.242,4696.968,4068.66,628.308,13.38,20%,0,0,1,0,15,Low
1982,226,320,4,0,2024-10-12,2024,10,Oct,Saturday,4,Product_320,Books,1328.19,767.44,29,Female,Mumbai,25-34,3.5,5312.76,0.0,5312.76,3069.76,2243.0,42.22,No Discount,0,0,0,0,0,Low
1983,211,301,2,0,2024-05-23,2024,5,May,Thursday,2,Product_301,Books,1326.67,752.79,28,Male,Mumbai,25-34,2.9,2653.34,0.0,2653.34,1505.58,1147.7600000000002,43.26,No Discount,0,0,0,0,0,Low
1984,235,307,5,5,2024-01-19,2024,1,Jan,Friday,1,Product_307,Books,4562.09,2799.67,64,Male,Mumbai,45+,1.7,22810.45,1140.5225,21669.9275,13998.35,7671.577500000001,35.4,5%,1,0,0,1,65,High
1985,208,317,4,20,2024-01-18,2024,1,Jan,Thursday,1,Product_317,Sports,1566.24,875.97,36,Male,Kolkata,35-44,2.2,6264.96,1252.992,5011.968,3503.88,1508.0879999999995,30.09,20%,0,0,1,0,15,Low
1986,246,310,1,0,2024-09-13,2024,9,Sep,Friday,3,Product_310,Sports,302.45,145.19,31,Female,Bengaluru,25-34,0.6,302.45,0.0,302.45,145.19,157.26,52.0,No Discount,0,0,0,0,0,Low
1987,214,311,3,5,2024-03-18,2024,3,Mar,Monday,1,Product_311,Books,1957.07,1356.22,57,Female,Ahmedabad,45+,2.8,5871.21,293.5605,5577.6495,4068.66,1508.9895000000006,27.05,5%,0,0,0,0,0,Low
1988,210,309,2,0,2024-06-23,2024,6,Jun,Sunday,2,Product_309,Electronics,3344.14,2338.63,28,Female,Mumbai,25-34,3.6,6688.28,0.0,6688.28,4677.26,2011.0199999999995,30.07,No Discount,0,0,0,0,0,Low
1989,202,309,1,5,2024-07-12,2024,7,Jul,Friday,3,Product_309,Electronics,3344.14,2338.63,46,Male,Chennai,45+,2.4,3344.14,167.207,3176.933,2338.63,838.3029999999999,26.39,5%,0,0,0,0,0,Low
1990,246,305,2,20,2024-04-22,2024,4,Apr,Monday,2,Product_305,Sports,873.81,414.24,31,Female,Bengaluru,25-34,0.6,1747.62,349.52399999999994,1398.096,828.48,569.616,40.74,20%,0,0,1,0,15,Low
1991,209,317,5,10,2024-04-23,2024,4,Apr,Tuesday,2,Product_317,Sports,1566.24,875.97,40,Male,Hyderabad,35-44,1.6,7831.2,783.12,7048.08,4379.85,2668.23,37.86,10%,0,0,0,0,0,Low
1992,203,309,3,20,2024-08-09,2024,8,Aug,Friday,3,Product_309,Electronics,3344.14,2338.63,32,Female,Chennai,25-34,0.2,10032.42,2006.484,8025.936,7015.89,1010.0459999999994,12.58,20%,0,0,1,0,15,Low
1993,221,317,3,5,2024-06-14,2024,6,Jun,Friday,2,Product_317,Sports,1566.24,875.97,47,Female,Bengaluru,45+,0.3,4698.72,234.93600000000004,4463.784000000001,2627.91,1835.8740000000007,41.13,5%,0,0,0,0,0,Low
1994,226,319,5,15,2024-11-14,2024,11,Nov,Thursday,4,Product_319,Fashion,1090.97,617.34,29,Female,Mumbai,25-34,3.5,5454.85,818.2275,4636.6225,3086.7000000000003,1549.9225,33.43,15%,0,0,0,0,0,Low
1995,208,307,3,0,2024-05-11,2024,5,May,Saturday,2,Product_307,Books,4562.09,2799.67,36,Male,Kolkata,35-44,2.2,13686.27,0.0,13686.27,8399.01,5287.26,38.63,No Discount,0,0,0,0,0,Low
1996,248,309,4,0,2024-09-20,2024,9,Sep,Friday,3,Product_309,Electronics,3344.14,2338.63,43,Male,Ahmedabad,35-44,3.2,13376.56,0.0,13376.56,9354.52,4022.039999999999,30.07,No Discount,0,0,0,1,35,Medium
1997,202,307,2,5,2024-02-24,2024,2,Feb,Saturday,1,Product_307,Books,4562.09,2799.67,46,Male,Chennai,45+,2.4,9124.18,456.209,8667.971,5599.34,3068.6309999999994,35.4,5%,0,0,0,1,35,Medium
1998,206,313,1,0,2024-12-24,2024,12,Dec,Tuesday,4,Product_313,Books,1073.88,440.2,38,Male,Mumbai,35-44,3.2,1073.88,0.0,1073.88,440.2,633.6800000000001,59.01,No Discount,0,0,0,0,0,Low
1999,228,311,5,15,2024-05-10,2024,5,May,Friday,2,Product_311,Books,1957.07,1356.22,61,Female,Hyderabad,45+,4.7,9785.35,1467.8025,8317.5475,6781.1,1536.4475000000002,18.47,15%,0,0,0,0,0,Low
2000,229,314,4,20,2024-10-14,2024,10,Oct,Monday,4,Product_314,Sports,2810.22,1415.01,42,Female,Delhi,35-44,0.2,11240.88,2248.176,8992.704,5660.04,3332.664,37.06,20%,0,0,1,0,15,Low
